market,state,count,num_commodities,mean_modal_price,std_modal_price,mean_price_range,mean_price_spread_ratio
A lot,Madhya Pradesh,1,1,4430.0,,279.0,0.06
AJattihalli(Uzhavar Sandhai ),Tamil Nadu,40,40,5407.5,6092.34,505.0,0.14
Aarah,Bihar,1,1,2600.0,,200.0,0.08
Aarni,Maharashtra,1,1,11000.0,,1800.0,0.16
Achalda,Uttar Pradesh,18,18,4985.56,4370.02,215.56,0.07
Achampet,Telangana,1,1,1800.0,,626.0,0.35
Adilabad,Telangana,1,1,7100.0,,1800.0,0.25
Adilabad(Rythu Bazar),Telangana,5,5,7000.0,1414.21,160.0,0.02
Adimali,Kerala,23,21,6756.52,2679.86,217.39,0.03
Adoni,Andhra Pradesh,4,4,6447.25,747.52,2156.25,0.32
Agar,Madhya Pradesh,6,6,7391.67,4858.21,3089.0,0.26
Agra,Uttar Pradesh,1,1,6700.0,,600.0,0.09
Ahirora,Uttar Pradesh,14,14,1514.29,739.91,200.0,0.16
Ahmedabad,Gujarat,2,2,5075.0,1661.7,3000.0,0.65
Ahmedabad(Chimanbhai Patal Market Vasana),Gujarat,4,2,3350.0,1109.05,1625.0,0.46
Ahmedgarh,Punjab,5,5,2900.0,1773.41,280.0,0.1
Ajuha,Uttar Pradesh,11,11,2600.0,1033.39,114.09,0.05
Akbarpur,Uttar Pradesh,25,25,5416.4,4053.28,150.0,0.04
Alampur,Telangana,1,1,2200.0,,300.0,0.14
Alangudi(Uzhavar Sandhai ),Tamil Nadu,23,23,4500.0,3060.01,630.43,0.17
Alengad  VFPCK,Kerala,3,1,3333.33,1001.67,700.0,0.23
Aler,Telangana,2,2,4591.5,3406.13,0.0,0.0
Alibagh,Maharashtra,1,1,3250.0,,500.0,0.15
Aliganj,Uttar Pradesh,3,3,2217.0,257.66,58.33,0.03
Aligarh,Uttar Pradesh,17,17,7984.71,12071.16,113.53,0.03
Allahabad,Uttar Pradesh,29,29,4108.97,3094.72,135.52,0.05
Aluva,Kerala,26,26,4646.15,2854.92,1523.08,0.38
Amalapuram  VFPCK,Kerala,4,1,3375.0,1001.25,200.0,0.06
Amarawati,Maharashtra,11,11,5593.18,3054.94,395.45,0.07
Amarpatan,Madhya Pradesh,1,1,2600.0,,10.0,0.0
Ambala City,Haryana,1,1,420.0,,20.0,0.05
Ambala City(Subji Mandi),Haryana,1,1,12000.0,,9500.0,0.79
Ambasamudram(Uzhavar Sandhai ),Tamil Nadu,11,11,3454.55,1782.9,572.73,0.17
Ambattur(Uzhavar Sandhai ),Tamil Nadu,6,6,8500.0,10573.55,0.0,0.0
Ambikapur,Chattisgarh,2,2,2187.5,130.81,0.0,0.0
Amirgadh,Gujarat,2,2,2577.5,243.95,25.0,0.01
Ammapet(Uzhavar Sandhai ),Tamil Nadu,57,57,5412.28,3402.47,668.42,0.13
Ammoor,Tamil Nadu,1,1,2814.0,,1330.0,0.47
Amrawati(Frui & Veg. Market),Maharashtra,23,23,3663.04,4394.94,1673.91,0.31
Amreli,Gujarat,16,15,6693.44,4788.77,1736.25,0.28
Amroha,Uttar Pradesh,19,19,4555.53,4277.92,144.74,0.05
Anaiyur(Uzhavar Sandhai ),Tamil Nadu,56,56,7244.64,7050.47,1182.14,0.21
Anakapally,Andhra Pradesh,3,1,4090.0,916.9,406.67,0.1
Anand Bazar,Assam,10,10,4176.72,3433.98,470.0,0.12
"Anand(Veg,Yard,Anand)",Gujarat,10,10,1935.0,933.35,500.0,0.31
Anandapur,Odisha,1,1,1000.0,,400.0,0.4
Anandnagar,Uttar Pradesh,10,10,3465.0,1925.71,450.0,0.13
Anchal,Kerala,27,23,4722.22,1520.96,200.0,0.05
Andipatti(Uzhavar Sandhai ),Tamil Nadu,38,38,5036.84,4361.78,426.32,0.08
Angamaly,Kerala,26,26,5034.62,2192.34,1542.31,0.33
Anjad,Madhya Pradesh,5,4,3337.0,1730.89,450.0,0.09
Anjar,Gujarat,4,4,6242.5,1174.49,67.5,0.01
Ankleshwar,Gujarat,14,14,2800.0,1182.57,1771.43,0.63
Anna nagar(Uzhavar Sandhai ),Tamil Nadu,64,64,7768.75,7526.8,650.0,0.07
Anta,Rajasthan,4,4,4764.5,1642.64,199.0,0.04
Antagarh,Chattisgarh,1,1,1900.0,,0.0,0.0
Anuppur,Madhya Pradesh,1,1,2200.0,,0.0,0.0
Anwala,Uttar Pradesh,9,9,2377.78,1087.17,377.78,0.17
Anyara(EEC),Kerala,7,5,3700.0,1634.01,100.0,0.03
Arani(Uzhavar Sandhai ),Tamil Nadu,38,38,4771.05,4657.68,834.21,0.18
Aranthangi(Uzhavar Sandhai ),Tamil Nadu,26,26,4634.62,2666.67,596.15,0.14
Arasikere,Karnataka,6,5,9595.5,6480.66,3508.33,0.39
Arcot(Uzhavar Sandhai ),Tamil Nadu,44,44,5354.55,5307.01,100.0,0.02
Ariyalur(Uzhavar Sandhai),Tamil Nadu,25,25,5608.0,2921.46,836.0,0.16
Armori,Maharashtra,1,1,2500.0,,300.0,0.12
Aron,Madhya Pradesh,1,1,2745.0,,0.0,0.0
Aroor,Kerala,7,7,4471.43,1349.96,200.0,0.05
Aruppukottai(Uzhavar Sandhai ),Tamil Nadu,39,39,5497.44,3520.8,707.69,0.15
Asansol,West Bengal,14,13,6327.14,3770.14,387.86,0.07
Ashahipora (Anantnagh),Jammu and Kashmir,13,12,4523.08,2635.86,400.0,0.09
Ashoknagar,Madhya Pradesh,8,6,4344.25,2069.29,830.12,0.16
Ashta,Madhya Pradesh,3,3,3969.33,1290.65,252.33,0.08
Atarra,Uttar Pradesh,11,11,3426.82,1985.92,160.45,0.06
Athirampuzha,Kerala,31,29,5554.84,5259.96,280.65,0.06
Athur(Uzhavar Sandhai ),Tamil Nadu,53,53,7550.94,10003.67,1332.08,0.19
Atrauli,Uttar Pradesh,10,10,1815.0,555.8,110.0,0.07
Atru,Rajasthan,5,5,5104.6,1644.58,959.0,0.17
Attabira,Odisha,16,16,3343.75,1687.98,512.5,0.16
Attayampatti(Uzhavar Sandhai ),Tamil Nadu,35,35,4200.0,1899.23,314.29,0.08
Auraiya,Uttar Pradesh,21,21,5281.43,4250.29,252.38,0.07
Avallapalli(Uzhavar Sandhai ),Tamil Nadu,40,40,5907.5,6195.01,775.0,0.15
Awagarh,Uttar Pradesh,8,8,1900.0,843.46,393.75,0.22
Azadpur,NCT of Delhi,5,2,6193.4,955.86,5520.0,0.9
Azamgarh,Uttar Pradesh,33,33,5268.64,3853.31,131.36,0.04
Babra,Gujarat,4,4,12400.0,8120.72,1971.25,0.22
Babrala,Uttar Pradesh,3,3,1783.33,1149.84,20.0,0.02
Bachranwa,Uttar Pradesh,7,7,2982.14,633.07,83.57,0.03
Badamalhera,Madhya Pradesh,1,1,6850.0,,50.0,0.01
Badayoun,Uttar Pradesh,23,23,3617.39,2991.57,151.74,0.05
Badepalli,Telangana,3,3,3143.0,2248.29,328.33,0.21
Badnagar,Madhya Pradesh,4,4,3710.0,2193.38,715.5,0.46
Badnawar,Madhya Pradesh,5,4,6432.0,6016.32,5417.0,0.55
Badwaha,Madhya Pradesh,3,3,4078.33,1687.57,1621.67,0.39
Badwani(F&V),Madhya Pradesh,10,10,1180.0,274.06,0.0,0.0
Bagasara,Gujarat,7,7,5099.14,3355.83,1041.43,0.24
Bagepalli,Karnataka,7,7,2094.57,679.07,1092.29,0.59
Bahadajholla,Odisha,4,4,2602.5,494.38,152.0,0.06
Bahadurganj,Bihar,3,3,4766.67,2596.79,400.0,0.09
Bahedi,Uttar Pradesh,6,6,2486.67,1311.82,62.5,0.04
Baikunthpur,Madhya Pradesh,1,1,2600.0,,50.0,0.02
Balarampur,West Bengal,9,9,5666.67,4445.78,422.22,0.1
Ballia,Uttar Pradesh,22,22,4636.14,3375.4,63.86,0.02
Balotra,Rajasthan,3,3,3650.0,1169.4,116.67,0.04
Balugaon,Odisha,12,10,9516.67,8520.01,825.0,0.12
Balurghat,West Bengal,10,10,3860.0,2270.68,210.0,0.07
Bamora,Madhya Pradesh,1,1,4450.0,,90.0,0.02
Banapura,Madhya Pradesh,2,2,5297.0,3467.65,356.0,0.06
Banda,Uttar Pradesh,18,18,3291.39,1854.35,123.61,0.05
Bandrol,Himachal Pradesh,7,7,5714.29,4617.51,4300.0,0.84
Bangarmau,Uttar Pradesh,20,20,4061.5,3194.02,107.5,0.04
Bankura Sadar,West Bengal,8,8,4116.25,2535.85,451.25,0.1
Banur,Punjab,18,18,3389.33,1613.65,2227.22,0.59
Barabanki,Uttar Pradesh,22,22,4056.36,3091.97,107.27,0.04
Barahat,Bihar,1,1,5800.0,,500.0,0.09
Baramkela,Chattisgarh,1,1,2050.0,,10.0,0.0
Baran,Rajasthan,12,12,6442.5,5376.12,1488.25,0.17
Barasat,West Bengal,7,7,4945.71,2258.6,0.0,0.0
Baraut,Uttar Pradesh,28,28,4685.89,3676.24,196.25,0.05
Barbigha,Bihar,1,1,2700.0,,200.0,0.07
Bardoli(Katod),Gujarat,2,2,3625.0,176.78,625.0,0.17
Bareilly,Uttar Pradesh,10,10,5281.7,4274.28,155.0,0.03
Bareli,Madhya Pradesh,1,1,2500.0,,50.0,0.02
Bargarh,Odisha,5,5,3880.0,903.88,200.0,0.05
Bargarh(Barapalli),Odisha,5,5,3460.0,952.89,200.0,0.06
Barghat,Madhya Pradesh,1,1,2200.0,,10.0,0.0
Bariwala,Punjab,1,1,4000.0,,0.0,0.0
Barpathari,Tripura,14,14,7728.57,4352.44,321.43,0.04
Barpeta Road,Assam,12,12,2786.17,1567.18,825.01,0.24
Baruipur(Canning),West Bengal,9,8,5261.11,2486.94,366.67,0.07
Baruwasagar,Uttar Pradesh,2,2,2900.0,1838.48,350.0,0.12
Basti,Uttar Pradesh,19,19,4393.42,3247.82,181.58,0.05
Batote,Jammu and Kashmir,12,12,4183.33,3359.88,533.33,0.13
Bavla,Gujarat,2,1,2875.0,106.07,105.0,0.04
Baxirhat,West Bengal,5,5,3900.0,2697.45,174.0,0.05
Bazpur,Uttrakhand,2,2,6369.5,4285.77,578.0,0.17
Bededonger,Chattisgarh,1,1,1800.0,,0.0,0.0
Begu,Rajasthan,1,1,2560.0,,190.0,0.07
Belacoba,West Bengal,12,8,4641.67,3313.25,200.0,0.06
Belarbahara,Chattisgarh,1,1,1900.0,,0.0,0.0
Belargaon,Chattisgarh,1,1,1900.0,,0.0,0.0
Beldanga,West Bengal,4,4,4250.0,1483.8,100.0,0.03
Beohari,Madhya Pradesh,2,2,2450.0,212.13,37.5,0.01
Berasia,Madhya Pradesh,4,2,3532.0,943.11,610.25,0.14
Betnoti,Odisha,6,6,2283.33,1000.83,400.0,0.23
Bewar,Uttar Pradesh,6,6,5270.83,6765.14,891.67,0.12
Bhabhar,Gujarat,2,2,6202.5,597.51,225.0,0.04
Bhagta Bhai Ka,Punjab,10,10,3460.0,1329.33,0.0,0.0
Bhander,Madhya Pradesh,2,2,3235.0,728.32,12.5,0.0
Bhanvad,Gujarat,5,5,7390.0,7473.15,880.0,0.14
Bharamgarh,Chattisgarh,1,1,2200.0,,500.0,0.23
Bharthna,Uttar Pradesh,20,20,5403.5,4328.07,250.0,0.07
Bharuasumerpur,Uttar Pradesh,10,10,6010.5,4933.99,122.0,0.03
Bhavnagar,Gujarat,5,4,6983.0,5357.31,1235.0,0.14
Bhawanipatna,Odisha,5,5,3220.0,1204.99,0.0,0.0
Bhehjoi,Uttar Pradesh,4,4,1791.25,886.33,36.25,0.02
Bhesan,Gujarat,6,6,6759.17,3112.8,2388.33,0.34
Bhikangaon,Madhya Pradesh,2,2,4073.5,1875.95,1058.5,0.2
Bhikhiwind,Punjab,2,2,2300.0,424.26,200.0,0.08
Bhikhiwind(Khalra),Punjab,1,1,2500.0,,400.0,0.16
Bhind,Madhya Pradesh,1,1,6020.0,,0.0,0.0
Bhinga,Uttar Pradesh,23,23,4520.22,3412.11,235.0,0.06
Bhogpur,Punjab,5,5,1820.0,933.81,0.0,0.0
Bhokar,Maharashtra,6,6,4833.0,2702.06,245.67,0.07
Bhopal,Madhya Pradesh,4,4,5834.75,4805.97,4700.5,0.41
Bhopalpattnam,Chattisgarh,2,2,2650.0,636.4,350.0,0.15
Bhucho,Punjab,2,2,1300.0,141.42,200.0,0.15
Bhuntar,Himachal Pradesh,28,28,4069.64,2434.91,2364.29,0.49
Bichhiya,Madhya Pradesh,5,5,4360.0,2018.17,113.0,0.05
Bijapur,Chattisgarh,1,1,2200.0,,500.0,0.23
Bijawar,Madhya Pradesh,2,2,4100.0,2262.74,125.0,0.03
Bilaspur,Himachal Pradesh,5,5,3320.0,1241.77,880.0,0.28
Bilimora,Gujarat,9,9,3077.78,1070.95,1138.89,0.35
Bina,Madhya Pradesh,7,6,5448.43,2112.09,761.0,0.15
Bindki,Uttar Pradesh,18,18,4544.44,4216.02,118.33,0.04
"Binny Mill (F&V), Bangalore",Karnataka,35,35,3748.57,4148.02,948.57,0.24
Birbhum,West Bengal,7,7,4000.43,1787.42,162.86,0.04
Birmaharajpur,Odisha,5,5,5460.0,4044.5,700.0,0.15
Bishalgarh,Tripura,12,11,6008.33,3590.25,375.0,0.08
Bishnupur(Bankura),West Bengal,8,7,3900.0,1542.72,506.25,0.14
Bishramganj,Tripura,9,8,6855.56,3809.89,477.78,0.07
Bodeliu,Gujarat,2,2,4817.5,3086.52,150.0,0.03
Bodinayakanur(Uzhavar Sandhai ),Tamil Nadu,34,34,4011.76,2643.66,379.41,0.1
Boraee,Chattisgarh,1,1,1900.0,,0.0,0.0
Borsad,Gujarat,2,2,2350.0,106.07,50.0,0.02
Botad,Gujarat,10,9,8025.0,6984.12,1356.5,0.17
Botad(Haddad),Gujarat,1,1,7000.0,,2475.0,0.35
Budhar,Madhya Pradesh,3,3,3466.67,1550.27,0.0,0.0
Buland Shahr,Uttar Pradesh,24,24,3524.62,2398.77,265.04,0.1
Buldhana(Dhad),Maharashtra,4,4,5300.0,2638.18,550.0,0.13
Bundi,Rajasthan,8,8,4668.88,2060.53,674.5,0.18
Burgampadu,Telangana,1,1,420.0,,50.0,0.12
Chaakghat,Madhya Pradesh,2,1,2430.0,183.85,0.0,0.0
Chaandpur,Uttar Pradesh,3,3,2100.0,200.0,200.0,0.1
Chakdah,West Bengal,7,7,5674.29,2918.67,141.43,0.03
Chamaraj Nagar,Karnataka,12,11,1412.5,719.57,729.17,0.61
Chamba,Himachal Pradesh,17,17,4867.65,1916.45,876.47,0.21
Chamkaur Sahib,Punjab,2,2,6450.0,707.11,100.0,0.02
Champa,Chattisgarh,1,1,1950.0,,0.0,0.0
Chandausi,Uttar Pradesh,8,8,2986.25,2059.66,93.75,0.03
Chandoli,Uttar Pradesh,23,23,4389.13,3351.68,79.13,0.03
Chandvad,Maharashtra,1,1,3710.0,,2974.0,0.8
Channagiri,Karnataka,1,1,46499.0,,5126.0,0.11
Charama,Chattisgarh,1,1,2200.0,,0.0,0.0
Charkhari,Uttar Pradesh,4,4,3675.0,2223.17,25.0,0.01
Charla,Telangana,1,1,2100.0,,150.0,0.07
Chathanoor,Kerala,19,16,5684.21,1765.49,400.0,0.08
Chattrapati Sambhajinagar,Maharashtra,28,28,3655.36,4412.13,2275.0,0.55
Chaurai,Madhya Pradesh,1,1,1915.0,,17.0,0.01
Chavakkad,Kerala,19,17,4921.05,3423.7,1157.89,0.23
Chavassery VFPCK,Kerala,1,1,5800.0,,0.0,0.0
Cheeka,Haryana,1,1,1500.0,,0.0,0.0
Chelakkara,Kerala,23,23,3786.96,1403.67,339.13,0.09
Chengalpet(Uzhavar Sandhai ),Tamil Nadu,17,17,3811.76,1766.31,605.88,0.16
Chengam(Uzhavar Sandhai ),Tamil Nadu,43,43,5076.74,2990.05,890.7,0.17
Chengannur,Kerala,28,27,6335.71,5887.04,389.29,0.1
Chevella,Telangana,5,5,1600.0,418.33,0.0,0.0
Cheyyar(Uzhavar Sandhai ),Tamil Nadu,36,36,4486.11,2964.66,744.44,0.17
Chhabra,Rajasthan,7,7,6455.14,4992.69,3304.57,0.32
Chhachrauli,Haryana,12,12,3383.33,2078.39,225.0,0.12
Chhatarpur,Madhya Pradesh,1,1,2600.0,,0.0,0.0
Chhibramau,Uttar Pradesh,18,18,3366.11,1894.13,119.44,0.04
Chhinari,Chattisgarh,1,1,1800.0,,0.0,0.0
Chhindwara,Madhya Pradesh,1,1,1510.0,,10.0,0.01
Chhipabarod (Chhabra),Rajasthan,7,7,4931.0,2025.05,918.0,0.21
Chickkaballapura,Karnataka,1,1,2900.0,,4230.0,1.46
Chidambaram(Uzhavar Sandhai ),Tamil Nadu,17,17,3500.0,1015.5,294.12,0.08
Chikkamagalore,Karnataka,14,14,2882.43,1067.22,128.57,0.05
Chikli(Khorgam),Gujarat,4,4,2437.5,1012.94,875.0,0.37
Chimur,Maharashtra,1,1,3200.0,,200.0,0.06
Chinnalapatti(Uzhavar Sandhai ),Tamil Nadu,34,34,5005.88,2976.37,1008.82,0.2
Chinnamanur(Uzhavar Sandhai ),Tamil Nadu,38,38,5297.37,6311.49,560.53,0.06
Chintalapudi,Andhra Pradesh,1,1,4300.0,,500.0,0.12
Chintamani,Karnataka,15,15,1830.67,825.9,1248.67,0.69
Chirgaon,Uttar Pradesh,3,3,3230.0,900.39,260.0,0.08
Chittoor,Andhra Pradesh,1,1,3200.0,,500.0,0.16
Chitwadagaon,Uttar Pradesh,10,10,4185.0,4460.27,96.5,0.04
Chogawan,Punjab,1,1,900.0,,200.0,0.22
Chokkikulam(Uzhavar Sandhai ),Tamil Nadu,56,56,7691.07,7405.16,1660.71,0.21
Chopada,Maharashtra,6,6,5400.0,2744.02,370.17,0.07
Chotila,Gujarat,2,2,4635.0,2807.21,875.0,0.19
Choubepur,Uttar Pradesh,24,24,4038.33,3097.73,142.5,0.05
Chowmanu,Tripura,6,6,6166.67,3614.78,1666.67,0.26
Chutmalpur,Uttar Pradesh,14,14,1514.29,751.01,200.0,0.16
Coonoor(Uzhavar Sandhai ),Tamil Nadu,42,42,6126.19,5755.93,1019.05,0.18
Cuddalore(Uzhavar Sandhai ),Tamil Nadu,47,47,4955.32,2293.83,828.3,0.14
Curchorem,Goa,6,2,15934.17,16489.81,145.0,0.16
Dabra,Madhya Pradesh,1,1,2797.0,,0.0,0.0
Dadri,Uttar Pradesh,25,25,5188.4,3776.9,369.2,0.09
Dahod,Gujarat,18,12,5455.0,2774.06,381.11,0.06
Dahod(Veg. Market),Gujarat,24,24,4658.33,4820.24,2654.17,0.65
Daloda,Madhya Pradesh,2,2,12350.0,11808.68,10445.0,0.88
Damnagar,Gujarat,10,10,4010.0,2430.0,700.0,0.24
Damoh,Madhya Pradesh,3,3,5119.67,2233.64,3.33,0.0
Danapur,Bihar,2,2,4800.0,1414.21,400.0,0.09
Darangiri Banana Market,Assam,10,10,3700.09,2712.45,586.69,0.17
Darjeeling,West Bengal,6,6,4550.0,3007.16,500.0,0.1
Dasada Patadi,Gujarat,5,5,11500.0,7634.22,1087.0,0.1
Dasda,Tripura,5,5,5490.0,2447.04,420.0,0.08
Datia,Madhya Pradesh,2,1,2696.5,51.62,61.5,0.02
Davangere,Karnataka,2,2,7600.0,6222.54,5650.0,0.96
Deesa,Gujarat,7,7,5057.14,1763.71,633.21,0.13
Deesa(Bhildi),Gujarat,6,6,4945.83,1934.71,173.33,0.04
Dehgam,Gujarat,5,5,3689.8,1859.61,174.0,0.06
Dehgam(Rekhiyal),Gujarat,5,5,3595.0,1859.55,110.0,0.04
Denkanikottai(Uzhavar Sandhai ),Tamil Nadu,36,36,5430.56,6329.24,922.22,0.2
Dera Baba Nanak,Punjab,3,3,1466.67,251.66,200.0,0.14
Devakottai (Uzhavar Sandhai ),Tamil Nadu,37,37,5389.19,3490.92,1005.41,0.17
Devala,Maharashtra,9,9,4234.44,2218.39,992.22,0.22
Devarakadra,Telangana,1,1,6071.0,,0.0,0.0
Devarakonda,Telangana,1,1,2203.0,,0.0,0.0
Devaram(Uzhavar Sandhai ),Tamil Nadu,30,30,3010.0,1216.08,90.0,0.03
Devarkonda(Dindi),Telangana,1,1,2203.0,,0.0,0.0
Devarkonda(Mallepalli),Telangana,1,1,2203.0,,0.0,0.0
Devgadhbaria,Gujarat,1,1,1560.0,,25.0,0.02
Dewas,Madhya Pradesh,5,5,4815.2,1734.38,696.6,0.19
Dhamnod,Madhya Pradesh,5,3,5451.2,4258.85,905.2,0.21
Dhanera,Gujarat,11,10,7875.0,6205.08,1035.91,0.12
Dhar,Madhya Pradesh,7,3,4876.29,3749.49,1232.0,0.14
Dharapuram(Uzhavar Sandhai ),Tamil Nadu,40,40,4887.5,3123.21,1052.5,0.19
Dharashiv,Maharashtra,3,3,6353.67,1827.43,2266.33,0.31
Dhari,Gujarat,6,6,4601.67,2096.52,363.33,0.06
Dharmapuri(Uzhavar Sandhai ),Tamil Nadu,50,50,5736.0,6005.16,414.0,0.09
Dharmaram,Telangana,1,1,2183.0,,0.0,0.0
Dhekiajuli,Assam,10,10,3433.42,2358.36,306.69,0.11
Dhoraji,Gujarat,8,8,6061.25,3247.78,1259.38,0.2
Dhragradhra,Gujarat,7,7,9500.0,6721.96,805.71,0.08
Dhrol,Gujarat,7,7,8131.43,6276.85,2007.86,0.21
Dhule,Maharashtra,7,7,5377.0,1997.62,1348.57,0.24
Dhupguri,West Bengal,13,9,4569.23,3165.87,215.38,0.06
Diamond Harbour(South 24-pgs),West Bengal,9,8,6722.22,5146.55,366.67,0.05
Digapahandi,Odisha,3,3,2000.0,300.0,500.0,0.25
Dimapur,Nagaland,6,6,5500.0,3316.62,1166.67,0.24
Dinanagar,Punjab,11,11,3681.82,814.64,418.18,0.11
Dindigul(Uzhavar Sandhai ),Tamil Nadu,47,47,6748.94,6273.79,1531.91,0.19
Dindori,Madhya Pradesh,5,5,3520.0,1398.93,20.4,0.01
Dinhata,West Bengal,5,5,4866.0,2549.07,310.0,0.07
Divai,Uttar Pradesh,14,14,2150.0,1233.19,185.71,0.11
Diyodar,Gujarat,1,1,6600.0,,100.0,0.02
Doharighat,Uttar Pradesh,9,9,4495.89,2401.7,82.78,0.03
Dondi,Chattisgarh,1,1,2090.0,,40.0,0.02
Dondilohara,Chattisgarh,1,1,2107.0,,6.0,0.0
Dooni,Rajasthan,6,6,4162.67,1933.25,958.83,0.18
Doraha,Punjab,10,10,4690.0,5504.84,560.0,0.14
Dudhansadhan,Punjab,11,11,4000.0,2167.03,327.27,0.11
Dudu,Rajasthan,9,9,3619.44,1697.41,161.11,0.05
Duggirala,Andhra Pradesh,2,1,12600.0,0.0,2100.0,0.17
Dumal,Odisha,1,1,12000.0,,10000.0,0.83
Dungarpur,Rajasthan,3,3,2792.33,844.62,182.67,0.07
Dungurapalli,Odisha,7,7,4600.0,1666.08,257.14,0.05
Durgapur,West Bengal,13,10,4800.0,3313.36,324.62,0.07
Edapadi (Uzhavar Sandhai ),Tamil Nadu,36,36,4669.44,2741.41,730.56,0.12
Elamkur  VFPCK,Kerala,3,1,2033.33,1006.64,200.0,0.12
Elampillai(Uzhavar Sandhai ),Tamil Nadu,46,46,6352.17,7782.11,897.83,0.14
English Bazar,West Bengal,5,5,6042.0,3530.41,644.0,0.1
Ernakulam,Kerala,10,9,3850.0,1516.03,500.0,0.14
Etawah,Uttar Pradesh,23,23,5898.04,4682.91,361.74,0.09
Ettumanoor,Kerala,23,23,4569.57,1850.17,356.52,0.09
Faizabad,Uttar Pradesh,21,21,4355.24,3099.41,155.71,0.04
Falakata,West Bengal,16,15,4925.0,5654.61,318.75,0.07
Farukhabad,Uttar Pradesh,26,26,4072.5,3233.75,253.85,0.08
Fatehabad,Uttar Pradesh,11,11,1545.45,586.71,172.73,0.11
Fatehnagar,Rajasthan,3,3,3631.0,2089.81,183.33,0.05
Fatehpur,Uttar Pradesh,18,18,4394.44,3440.88,206.11,0.07
Fazilka,Punjab,15,15,4346.67,2802.26,1366.67,0.33
Firozabad,Uttar Pradesh,25,25,3342.4,1695.11,189.6,0.07
Gadarpur,Uttrakhand,1,1,3540.0,,1170.0,0.33
Gadarwada,Madhya Pradesh,1,1,2650.0,,2575.0,0.97
Gadaura,Uttar Pradesh,12,12,2408.33,1448.8,195.83,0.1
Gaddiannaram,Telangana,17,16,3862.35,4375.89,4459.41,1.56
Gadwal,Telangana,2,2,5107.5,1327.24,3189.5,0.69
Gadwal(Lezza),Telangana,1,1,2200.0,,300.0,0.14
Gajwel,Telangana,1,1,2200.0,,0.0,0.0
Ganaur,Haryana,25,25,4871.24,4328.84,778.4,0.15
Gandai,Chattisgarh,2,2,3391.5,1709.08,375.0,0.09
Gandarvakottai(Uzhavar Sandhai ),Tamil Nadu,26,26,3442.31,2355.11,526.92,0.18
Gandchiroli,Maharashtra,1,1,2600.0,,370.0,0.14
Ganderbal,Jammu and Kashmir,3,1,3958.0,1262.91,781.0,0.21
Gangadhara,Telangana,1,1,2300.0,,0.0,0.0
Gangapurcity(Old Lal mandi),Rajasthan,2,2,2486.0,260.22,72.5,0.03
Gangarampur(Dakshin Dinajpur),West Bengal,14,14,3539.29,2431.54,585.71,0.18
Gangoh,Uttar Pradesh,7,7,5942.86,6608.29,471.43,0.1
Garbeta(Medinipur),West Bengal,12,11,6858.33,4427.28,619.17,0.09
Garh Shankar,Punjab,18,18,4666.67,4837.6,1388.89,0.34
GarhShankar (Kotfatuhi),Punjab,6,6,3033.33,1139.59,1000.0,0.32
Gattasilli,Chattisgarh,1,1,1900.0,,0.0,0.0
Gautampura,Madhya Pradesh,3,2,3386.67,1057.31,158.33,0.05
Gazipur,Uttar Pradesh,24,23,5501.46,3599.86,56.67,0.02
"Gerabari, Korha Block",Bihar,1,1,4400.0,,200.0,0.05
Ghatal,West Bengal,8,8,4612.5,1997.99,337.5,0.07
Ghaziabad,Uttar Pradesh,37,37,5090.14,3823.01,111.62,0.03
Ghiraur,Uttar Pradesh,19,19,4190.11,3311.58,190.26,0.07
Gingee(Uzhavar Sandhai ),Tamil Nadu,34,34,4644.12,2452.85,161.76,0.03
Gobichettipalayam(Uzhavar Sandhai ),Tamil Nadu,38,38,6586.84,6234.78,892.11,0.12
Godabhaga,Odisha,1,1,2183.0,,20.0,0.01
Gogamba,Gujarat,2,2,5150.0,3323.4,475.0,0.09
Gogamba(Similiya),Gujarat,2,2,5000.0,3181.98,300.0,0.05
Gohad,Madhya Pradesh,2,2,4547.5,2683.47,245.0,0.04
Gohana,Haryana,14,14,3564.29,1802.82,1557.14,0.45
Golaghat,Assam,9,9,3674.16,2309.18,625.93,0.14
Golagokarnath,Uttar Pradesh,22,22,4743.18,3932.13,146.36,0.05
Gonda,Uttar Pradesh,33,33,4929.85,3412.48,192.58,0.05
Gondal,Gujarat,20,18,7497.5,5403.04,2799.75,0.34
Gondal(Veg.market Gondal),Gujarat,13,13,4146.15,2621.34,2790.77,0.56
Gonikappal,Karnataka,1,1,50000.0,,21711.0,0.43
Gopa,Odisha,6,6,3300.0,883.18,450.0,0.14
Gopiganj,Uttar Pradesh,23,23,4404.35,3221.44,97.39,0.03
Gorakhpur,Uttar Pradesh,19,18,5189.47,3336.67,94.74,0.03
Gotegaon,Madhya Pradesh,1,1,7800.0,,300.0,0.04
Gudalur(Uzhavar Sandhai ),Tamil Nadu,37,37,5535.14,5491.72,651.35,0.13
Gudimalkapur,Telangana,26,26,2111.54,1456.39,1400.0,0.65
Gudiyatham(Uzhavar Sandhai ),Tamil Nadu,49,49,6379.59,7775.55,275.51,0.06
Guduvancheri(Uzhavar Sandhai ),Tamil Nadu,31,31,5112.9,2410.77,951.61,0.19
Gulavati,Uttar Pradesh,15,15,3073.33,3211.47,246.67,0.11
Gummidipoondy,Tamil Nadu,1,1,2200.0,,500.0,0.23
Guna,Madhya Pradesh,5,5,6568.0,2219.66,1097.0,0.14
Gundlupet,Karnataka,16,16,7770.0,12084.25,375.62,0.11
Gurdaspur,Punjab,20,20,4460.0,4727.01,840.0,0.2
Gurgaon,Haryana,9,9,3638.89,2414.51,2166.67,0.57
Gurur,Chattisgarh,1,1,2193.0,,39.0,0.02
Haathras,Uttar Pradesh,25,25,5083.6,3587.06,180.0,0.05
Haatpipliya,Madhya Pradesh,1,1,3750.0,,250.0,0.07
Habra,West Bengal,8,8,4890.0,3081.78,302.5,0.06
Hadad    ,Gujarat,1,1,6925.0,,220.0,0.03
Haibargaon,Assam,4,4,3275.12,2949.87,391.68,0.11
Haldibari,West Bengal,5,5,3862.0,2715.0,160.0,0.04
Haldwani,Uttrakhand,13,13,2792.31,1526.69,569.23,0.22
Haliyala,Karnataka,2,2,2375.0,35.36,210.0,0.09
Halvad,Gujarat,9,8,7600.0,4212.78,1818.33,0.23
Hamirpur,Himachal Pradesh,25,25,7132.0,6101.84,784.0,0.12
Hamirpur(Nadaun),Himachal Pradesh,22,22,6963.64,6290.81,622.73,0.11
Hanmarkonda(Rythu Bazar),Telangana,15,15,4706.67,1293.65,540.0,0.13
Hansi,Haryana,16,16,3425.0,1920.94,368.75,0.13
Hapur,Uttar Pradesh,22,22,4351.36,3861.2,259.09,0.06
Harappana Halli,Karnataka,3,3,2187.67,121.76,143.33,0.07
Harda,Madhya Pradesh,11,8,5773.91,3225.5,2823.18,0.4
Hardoi,Uttar Pradesh,22,22,4280.45,3294.21,77.5,0.03
Harihara,Karnataka,1,1,2475.0,,0.0,0.0
Harike,Punjab,4,4,750.0,100.0,100.0,0.13
Harippad,Kerala,17,17,4500.0,1500.0,494.12,0.13
Harpalpur,Madhya Pradesh,1,1,2650.0,,0.0,0.0
Harsood,Madhya Pradesh,2,1,4137.5,53.03,495.0,0.12
Harur(Uzhavar Sandhai ),Tamil Nadu,38,38,5231.58,5372.81,642.11,0.13
Hasanpur,Uttar Pradesh,21,21,1723.33,687.05,200.24,0.1
Hasthampatti(Uzhavar Sandhai ),Tamil Nadu,60,60,6681.67,5742.19,913.33,0.13
Himatnagar,Gujarat,4,4,4465.0,2252.07,1055.0,0.2
Hindol,Odisha,12,12,4433.33,1996.97,475.0,0.12
Hingoli,Maharashtra,4,4,3836.25,2436.43,760.25,0.32
Hirapur,Chattisgarh,1,1,1800.0,,0.0,0.0
Hoshangabad,Madhya Pradesh,1,1,2561.0,,11.0,0.0
Hosur(Uzhavar Sandhai ),Tamil Nadu,68,68,7713.24,7707.49,1272.06,0.16
Husnabad,Telangana,1,1,2300.0,,0.0,0.0
Huzumnagar(Garidepally),Telangana,1,1,2320.0,,0.0,0.0
Huzurnagar,Telangana,1,1,2320.0,,0.0,0.0
Huzurnagar(Matampally),Telangana,1,1,2320.0,,0.0,0.0
Huzzurabad,Telangana,2,1,2193.0,14.14,0.0,0.0
Indore,Madhya Pradesh,9,7,5596.22,3761.09,3930.56,0.56
Indus(Bankura Sadar),West Bengal,7,7,4014.29,2347.64,331.43,0.08
Itarsi,Madhya Pradesh,2,2,5140.5,3266.13,2892.0,0.41
Jabalpur,Madhya Pradesh,4,4,5342.5,1650.41,156.25,0.02
Jafarganj,Uttar Pradesh,23,23,3896.09,3069.02,94.35,0.03
Jagadhri,Haryana,15,15,3210.0,1779.77,1408.93,0.38
Jagatsinghpur,Odisha,2,2,3340.0,975.81,80.0,0.03
Jagiroad Dry Fish Market,Assam,8,8,3808.39,2855.1,425.01,0.14
Jagnair,Uttar Pradesh,13,13,2103.85,1619.34,115.38,0.08
Jahajharpur,Bihar,2,2,4000.0,1979.9,200.0,0.06
Jahanabad,Uttar Pradesh,4,4,2629.0,596.8,8.0,0.0
Jahangirabad,Uttar Pradesh,25,25,4391.64,3507.76,181.72,0.06
Jainagar,Bihar,1,1,4400.0,,400.0,0.09
Jaipur (F&V),Rajasthan,28,28,4371.43,3901.41,2200.0,0.47
Jaisinagar,Madhya Pradesh,2,2,4705.0,3104.2,30.0,0.01
Jaithari,Madhya Pradesh,1,1,2510.0,,10.0,0.0
Jaitu,Punjab,1,1,2800.0,,50.0,0.02
Jakhal,Haryana,8,8,2625.0,1242.98,0.0,0.0
Jalagandapuram(Uzhavar Sandhai ),Tamil Nadu,41,41,5392.68,6833.24,631.71,0.12
Jalalabad,Punjab,30,30,4983.33,4413.07,243.33,0.06
Jalandhar City(Jalandhar),Punjab,36,36,2699.44,1889.98,1712.5,0.61
Jaleswar,Odisha,10,10,6630.0,7993.48,400.0,0.12
Jalgaon,Maharashtra,4,4,3950.0,2148.26,420.0,0.07
Jalore,Rajasthan,12,12,3033.33,1498.08,475.0,0.19
Jalpaiguri Sadar,West Bengal,14,9,4585.71,3046.59,214.29,0.05
Jam Khambalia,Gujarat,11,11,7975.91,5864.92,853.64,0.11
Jambusar,Gujarat,8,8,4312.5,2212.59,425.0,0.12
Jambusar(Kaavi),Gujarat,7,7,4400.0,2416.61,400.0,0.12
Jameenrayapettai(Uzhavar Sandhai ),Tamil Nadu,59,59,5813.56,3212.18,737.29,0.14
Jammikunta,Telangana,1,1,6400.0,,700.0,0.11
Jamnagar,Gujarat,17,17,7865.29,5274.37,2815.0,0.28
Jamui,Bihar,2,2,3450.0,1484.92,100.0,0.03
Jangipur,West Bengal,6,6,5327.5,4572.85,74.17,0.02
Jaora,Madhya Pradesh,5,5,9261.2,9493.19,1814.8,0.12
Jasdan,Gujarat,19,17,6385.53,5224.09,2211.58,0.31
Jaspur,Chattisgarh,6,6,4133.33,2280.06,0.0,0.0
Jasra,Uttar Pradesh,5,5,2339.0,1136.15,143.0,0.07
Jasvantnagar,Uttar Pradesh,21,21,4192.86,3563.38,102.38,0.04
Jaunpur,Uttar Pradesh,15,15,7203.67,3429.87,83.33,0.01
Jawra(F&V),Madhya Pradesh,8,8,2187.5,798.99,1125.0,0.49
Jayas,Uttar Pradesh,6,6,3543.33,1950.23,155.0,0.05
Jeerapur,Madhya Pradesh,2,2,3462.5,1021.77,27.5,0.01
Jehanabad,Bihar,1,1,5000.0,,0.0,0.0
Jetpur(Dist.Rajkot),Gujarat,9,7,6882.78,5195.98,3108.33,0.42
Jeyankondam (Uzhavar Sandhai ),Tamil Nadu,21,21,5033.33,2551.34,638.1,0.13
Jhabua,Madhya Pradesh,1,1,2200.0,,0.0,0.0
Jhansi,Uttar Pradesh,9,9,2792.22,1284.86,214.44,0.08
Jhansi (Grain),Uttar Pradesh,4,4,4548.75,1881.61,282.5,0.06
Jhunjhunu,Rajasthan,1,1,6300.0,,0.0,0.0
Jodhpur (F&V),Rajasthan,11,11,4095.45,5514.46,2809.09,0.76
Jodhpur (Grain),Rajasthan,8,8,10451.25,7451.86,2586.25,0.2
Jodhpur(F&V)(Paota),Rajasthan,21,21,3447.62,1402.72,890.48,0.3
Jorhat,Assam,9,9,3537.11,2280.6,448.16,0.13
Junagadh,Gujarat,11,11,8197.73,5579.77,1229.09,0.17
K.R. Pet,Karnataka,1,1,6000.0,,0.0,0.0
Kadakkal  VFPCK,Kerala,4,1,4800.0,1267.54,2075.0,0.43
Kadaura,Uttar Pradesh,1,1,3400.0,,0.0,0.0
Kadi,Gujarat,5,5,4775.0,2065.49,189.0,0.05
Kahithapattarai(Uzhavar Sandhai ),Tamil Nadu,59,59,6879.66,8501.88,194.92,0.05
Kairana,Uttar Pradesh,12,12,2233.33,1503.23,100.0,0.06
Kalagategi,Karnataka,2,2,3273.0,1658.87,153.5,0.03
Kalanaur,Punjab,4,4,4350.0,2050.2,125.0,0.05
Kalanjoor  VFPCK,Kerala,2,1,5700.0,141.42,0.0,0.0
Kalapipal(F&V),Madhya Pradesh,2,2,10827.5,10482.86,11745.0,1.01
Kalediya,Gujarat,1,1,6900.0,,200.0,0.03
Kaliaganj,West Bengal,3,3,4166.67,1680.28,500.0,0.1
Kalikiri,Andhra Pradesh,1,1,4530.0,,940.0,0.21
Kalimpong,West Bengal,7,7,8314.29,5096.54,1314.29,0.16
Kallachi,Kerala,19,17,4778.95,2101.74,400.0,0.1
Kallakurichi(Uzhavar Sandhai ),Tamil Nadu,48,48,7493.75,7479.57,229.17,0.02
Kalol,Gujarat,4,4,4037.5,2045.47,97.5,0.04
"Kalol(Veg,Market,Kalol)",Gujarat,15,15,2416.67,1266.56,1136.67,0.51
Kalpetta,Kerala,14,14,10092.86,16570.71,164.93,0.03
Kalyani,West Bengal,9,7,4110.0,2124.8,426.67,0.1
Kamakhyanagar,Odisha,12,12,5541.67,2641.09,575.0,0.12
Kamakshi VFPCK,Kerala,1,1,2600.0,,700.0,0.27
Kambam(Uzhavar Sandhai ),Tamil Nadu,41,41,4987.8,4592.83,290.24,0.07
Kamlaganj,Uttar Pradesh,2,2,2450.0,141.42,80.0,0.03
Kamthi,Maharashtra,16,16,3406.25,1572.88,1062.5,0.38
Kanakapura,Karnataka,1,1,3500.0,,1000.0,0.29
Kanchanpur,Tripura,9,9,8011.11,6330.82,1289.89,0.14
Kancheepuram(Uzhavar Sandhai ),Tamil Nadu,23,23,4586.96,2415.16,969.57,0.19
Kandi,West Bengal,5,5,3270.0,1491.89,98.0,0.03
Kandiyaperi(Uzhavar Sandhai ),Tamil Nadu,12,12,4233.33,1715.35,508.33,0.13
Kangayam(Uzhavar Sandhai ),Tamil Nadu,29,29,4479.31,2700.71,534.48,0.13
Kangra,Himachal Pradesh,34,34,6547.06,5591.56,1152.94,0.19
Kangra(Baijnath),Himachal Pradesh,26,26,6203.85,4197.95,750.0,0.12
Kangra(Nagrota Bagwan),Himachal Pradesh,30,30,5553.33,3898.25,1006.67,0.2
Kanjangadu,Kerala,29,28,8444.83,12266.58,658.62,0.15
Kanjirappally,Kerala,25,24,6100.0,2333.63,556.0,0.1
Kannod,Madhya Pradesh,2,2,5200.0,2404.16,435.0,0.12
Kannur,Kerala,8,8,13650.0,21590.87,1412.5,0.09
Kanpur(Grain),Uttar Pradesh,30,30,4642.0,3208.07,160.67,0.05
Kantabaji,Odisha,5,5,4300.0,1095.45,1000.0,0.24
Kapadvanj,Gujarat,9,9,2250.0,939.08,638.89,0.36
Karaikudi(Uzhavar Sandhai ),Tamil Nadu,44,44,6740.91,5015.06,1231.82,0.19
Karambakkudi(Uzhavar Sandhai ),Tamil Nadu,25,25,4560.0,3113.55,760.0,0.21
Karanja,Maharashtra,8,8,6339.38,3251.08,1206.88,0.19
Karanjia,Odisha,4,4,7250.0,7889.44,450.0,0.07
Karapa,Andhra Pradesh,1,1,2183.0,,17.0,0.01
Karera,Madhya Pradesh,1,1,2561.0,,36.0,0.01
Karhi,Madhya Pradesh,1,1,6100.0,,1285.0,0.21
Karimnagar,Telangana,10,10,3570.0,1205.36,580.0,0.19
Kariyapatti(Uzhavar Sandhai ),Tamil Nadu,3,3,5166.67,763.76,666.67,0.13
Karjat,Maharashtra,7,7,3921.43,2251.27,728.57,0.24
Karsiyang(Matigara),West Bengal,10,9,4640.0,1825.25,510.0,0.11
Karur(Uzhavar Sandhai ),Tamil Nadu,39,39,5602.56,3220.37,753.85,0.15
Karuvannur VFPCK,Kerala,1,1,4000.0,,3500.0,0.88
Kasdol,Chattisgarh,1,1,1950.0,,100.0,0.05
Kasimbazar,West Bengal,2,2,4425.0,1166.73,100.0,0.02
Kasinagar,Odisha,2,2,2000.0,0.0,500.0,0.25
Kasrawad,Madhya Pradesh,4,3,2847.5,803.19,31.25,0.01
Katghora,Chattisgarh,1,1,2600.0,,0.0,0.0
Kathua,Jammu and Kashmir,33,32,5412.12,4733.44,678.79,0.14
Katni,Madhya Pradesh,6,4,4004.33,2583.29,26.0,0.01
Katpadi (Uzhavar Sandhai ),Tamil Nadu,52,52,6542.31,9590.08,901.92,0.08
Kattampak  VFPCK,Kerala,2,2,412.5,548.01,154.0,0.35
Kaveripattinam(Uzhavar Sandhai ),Tamil Nadu,29,29,5079.31,2825.32,958.62,0.18
Kawai Salpura (Atru),Rajasthan,6,6,4782.33,2319.7,547.17,0.12
Kayamganj,Uttar Pradesh,24,24,4468.33,3046.6,80.83,0.03
Kayamkulam,Kerala,25,23,3636.0,2732.81,200.0,0.08
Keelpennathur(Uzhavar Sandhai ),Tamil Nadu,6,6,4283.33,1449.71,616.67,0.14
Kendrapara,Odisha,6,6,3916.67,801.04,750.0,0.19
Kendrapara(Marshaghai),Odisha,7,7,3928.57,932.23,742.86,0.18
Keonjhar,Odisha,10,10,4500.0,942.81,520.0,0.12
Keshopur,NCT of Delhi,13,13,4046.15,3359.84,2384.62,0.58
Kesinga,Odisha,6,6,6566.67,4499.63,666.67,0.1
Khadur Sahib(Fetehabad),Punjab,3,3,2366.67,230.94,100.0,0.04
Khaga,Uttar Pradesh,20,20,3954.0,3223.41,120.0,0.04
Khair,Uttar Pradesh,15,15,3690.0,4305.49,584.67,0.17
Khajuwala,Rajasthan,2,2,6540.5,481.54,805.0,0.12
Khalilabad,Uttar Pradesh,9,9,1888.89,747.4,277.78,0.16
Khamano,Punjab,8,8,3750.0,2035.4,0.0,0.0
Khambhat(Grain Market),Gujarat,3,3,2708.33,473.24,450.0,0.17
Khambhat(Veg Yard Khambhat),Gujarat,6,6,2241.67,1153.0,616.67,0.34
Khammam,Telangana,4,3,10025.0,4800.26,4225.0,0.43
Khandhla,Uttar Pradesh,15,15,1971.67,1407.53,83.33,0.06
Khandwa,Madhya Pradesh,5,4,3584.4,1384.97,760.6,0.16
Khanna,Punjab,27,27,3333.52,3069.64,1542.59,0.48
Khargapur,Madhya Pradesh,1,1,2500.0,,60.0,0.02
Khargone,Madhya Pradesh,4,4,3755.25,1978.6,1191.75,0.34
Khateema,Uttrakhand,12,12,1558.33,1145.31,208.33,0.19
Khatra,West Bengal,10,10,3270.0,1830.03,485.0,0.17
Khed,Maharashtra,9,9,2266.67,1354.62,955.56,0.53
Khedbrahma,Gujarat,1,1,2850.0,,200.0,0.07
Khetia,Madhya Pradesh,1,1,6900.0,,825.0,0.12
Khurai,Madhya Pradesh,6,6,5605.5,1527.22,822.83,0.17
Khurai(F&V),Madhya Pradesh,8,8,2762.5,1379.38,762.5,0.32
Khurja,Uttar Pradesh,21,21,3605.24,2546.14,230.24,0.07
Kicchha,Uttrakhand,8,8,1637.5,1162.43,200.0,0.16
Kiratpur,Uttar Pradesh,6,6,2233.33,861.2,100.0,0.05
Kishunpur,Uttar Pradesh,1,1,2410.0,,20.0,0.01
Kochas (Balthari),Bihar,1,1,4600.0,,200.0,0.04
Kodad,Telangana,1,1,2203.0,,0.0,0.0
Kodinar,Gujarat,4,4,5030.0,1543.07,1587.5,0.3
Kodungalloor,Kerala,20,20,4385.0,2762.01,335.0,0.1
Koduvayoor,Kerala,39,36,5410.26,4930.83,420.51,0.11
Kohima,Nagaland,5,5,13280.0,7232.7,560.0,0.04
Kolaras,Madhya Pradesh,1,1,6130.0,,1245.0,0.2
Kolhapur,Maharashtra,10,10,3265.0,2017.98,3355.0,0.97
Konch,Uttar Pradesh,13,13,3077.85,1592.9,92.31,0.04
Kondagoan,Chattisgarh,1,1,2100.0,,200.0,0.1
Kondotty,Kerala,27,27,5414.81,6082.81,288.89,0.06
Koovapadi VFPCK,Kerala,8,5,2962.5,1309.24,400.0,0.16
Kopaganj,Uttar Pradesh,10,10,1848.0,1220.26,240.0,0.14
Koraput,Odisha,3,3,5000.0,3041.38,733.33,0.14
Koraput(Semilguda),Odisha,3,3,2766.67,2369.25,466.67,0.16
Kosli,Haryana,5,5,1940.0,260.77,0.0,0.0
Kot ise Khan,Punjab,7,7,1071.43,179.95,200.0,0.19
Kota,Rajasthan,12,12,6448.75,4462.48,1572.67,0.17
Kotadwara,Uttrakhand,14,8,2621.43,550.77,292.86,0.11
Kothamangalam,Kerala,27,26,4462.96,2385.56,1259.26,0.35
Kotkapura,Punjab,1,1,2000.0,,0.0,0.0
Kotma,Madhya Pradesh,1,1,1900.0,,0.0,0.0
Kottakkal,Kerala,33,33,4369.7,2576.03,200.0,0.06
Kottarakkara,Kerala,27,23,5285.19,2680.23,955.56,0.2
Kottayam,Kerala,24,20,4958.33,2532.9,550.0,0.11
Kovilnada  VFPCK,Kerala,1,1,5000.0,,2000.0,0.4
Kovilpatti(Uzhavar Sandhai ),Tamil Nadu,40,40,5567.5,4012.51,537.5,0.12
Krishnagiri(Uzhavar Sandhai ),Tamil Nadu,49,49,5418.37,5227.28,832.65,0.16
Kudchi,Karnataka,1,1,2400.0,,200.0,0.08
Kukshi,Madhya Pradesh,3,2,4166.67,2540.34,874.67,0.32
Kulgam,Jammu and Kashmir,3,2,4153.33,631.29,540.0,0.13
Kulithalai(Uzhavar Sandhai ),Tamil Nadu,46,46,5015.22,3067.03,1043.48,0.21
Kullu,Himachal Pradesh,9,9,3377.78,1155.18,788.89,0.22
Kullu(Chauri Bihal),Himachal Pradesh,8,8,4675.0,3012.24,1687.5,0.45
Kullu(Patli Kuhal),Himachal Pradesh,1,1,4000.0,,4000.0,1.0
Kumarapalayam(Uzhavar Sandhai ),Tamil Nadu,40,40,4310.0,2531.52,680.0,0.17
Kumbakonam (Uzhavar Sandhai ),Tamil Nadu,51,51,7129.41,6868.57,776.47,0.1
Kundrathur(Uzhavar Sandhai ),Tamil Nadu,37,37,6108.11,3824.8,935.14,0.17
Kurara,Uttar Pradesh,2,2,2950.0,1060.66,200.0,0.07
Kurawar,Madhya Pradesh,2,2,5117.5,1361.18,2247.5,0.45
Kurichi(Uzhavar Sandhai ),Tamil Nadu,25,25,5448.0,5972.51,588.0,0.12
Kuruppanthura,Kerala,28,26,6603.57,3093.78,1035.07,0.18
Kurwai,Madhya Pradesh,2,2,5195.0,1548.56,70.0,0.01
Kustagi,Karnataka,6,6,4726.5,2624.34,49.33,0.02
Ladwa,Haryana,19,19,4405.26,3372.68,378.95,0.08
Lakhanpuri,Chattisgarh,1,1,2200.0,,0.0,0.0
Lakhimpur,Uttar Pradesh,30,30,4475.17,3298.46,120.0,0.04
Lakshar,Uttrakhand,2,2,2392.5,81.32,202.5,0.08
Lalbagh,West Bengal,3,3,6216.67,3345.27,130.0,0.02
Lalganj,Uttar Pradesh,4,4,2925.0,806.74,91.25,0.03
Lalgudi(Uzhavar Sandhai ),Tamil Nadu,45,45,4995.56,2701.26,277.78,0.04
Lalru,Punjab,15,15,2820.0,1346.0,213.33,0.11
Lalsot,Rajasthan,4,4,4627.5,2542.35,286.0,0.08
Lasalgaon,Maharashtra,1,1,3850.0,,1139.0,0.3
Lasalgaon(Vinchur),Maharashtra,1,1,3850.0,,2200.0,0.57
Lashkar,Madhya Pradesh,4,4,3661.25,2015.11,186.25,0.07
Latur(Murud),Maharashtra,1,1,4551.0,,111.0,0.02
LavKush Nagar(Laundi),Madhya Pradesh,7,5,6990.0,3533.4,560.0,0.07
Laxmeshwar,Karnataka,15,15,4963.0,2859.47,2601.47,0.49
Lediyari,Uttar Pradesh,1,1,2500.0,,120.0,0.05
Limkheda,Gujarat,3,3,2193.33,361.43,286.67,0.14
Lormi,Chattisgarh,2,1,2092.0,11.31,0.0,0.0
Lucknow,Uttar Pradesh,32,32,4936.56,3648.09,118.75,0.03
Ludhiana,Punjab,33,33,2777.27,2413.86,2269.7,0.75
Madagadipet,Pondicherry,4,1,2040.5,118.06,0.0,0.0
Madanapalli,Andhra Pradesh,1,1,5400.0,,2400.0,0.44
Madanganj Kishangarh,Rajasthan,5,5,4370.2,1326.75,2406.0,0.47
Madathukulam,Tamil Nadu,1,1,2270.0,,100.0,0.04
Madhira,Telangana,1,1,2300.0,,0.0,0.0
Madhoganj,Uttar Pradesh,18,18,4051.11,2203.25,77.22,0.03
Madhogarh,Uttar Pradesh,1,1,2610.0,,20.0,0.01
Madhugiri,Karnataka,1,1,2100.0,,420.0,0.2
Madhuranthagam(Uzhavar Sandhai ),Tamil Nadu,30,30,4083.33,1059.3,583.33,0.15
Madikeri,Karnataka,1,1,36000.0,,9000.0,0.25
Mahboob Manison,Telangana,17,15,4252.94,3557.76,1605.88,0.35
Mahbubnagar,Telangana,3,3,3869.33,1473.03,482.33,0.16
Mahidpur,Madhya Pradesh,1,1,2675.0,,275.0,0.1
Mahoba,Uttar Pradesh,22,22,4995.23,3640.91,211.82,0.06
Mahuva(Anaval),Gujarat,1,1,3200.0,,200.0,0.06
Mahuva(Station Road),Gujarat,12,10,6463.75,5672.95,2029.17,0.54
Maigalganj,Uttar Pradesh,11,11,2973.18,2103.39,67.73,0.03
Mainpuri,Uttar Pradesh,29,29,4651.41,3991.24,230.69,0.06
Makdi,Chattisgarh,1,1,1800.0,,0.0,0.0
Malegaon,Maharashtra,7,7,4736.14,2892.74,1398.43,0.34
Malerkotla,Punjab,21,21,2623.81,1688.17,1019.05,0.42
Mallial(Cheppial),Telangana,1,1,2225.0,,0.0,0.0
Malpur,Gujarat,1,1,2262.5,,25.0,0.01
Malpura,Rajasthan,9,9,4498.89,2198.9,416.22,0.08
Malpura(Todaraisingh),Rajasthan,6,6,4540.5,2380.54,506.83,0.11
Malur,Karnataka,5,5,3733.0,641.34,740.0,0.2
Manachanallur,Tamil Nadu,1,1,1850.0,,532.0,0.29
Manachanallur(Uzhavar Sandhai ),Tamil Nadu,37,37,5735.14,6182.56,743.24,0.08
Manakodur,Telangana,2,1,2193.0,14.14,0.0,0.0
Manapparai(Uzhavar Sandhai ),Tamil Nadu,39,39,5710.26,5657.54,348.72,0.06
Manathavady,Kerala,12,12,11008.33,17820.24,183.33,0.06
Manawar,Madhya Pradesh,1,1,1550.0,,0.0,0.0
Manawar(F&V),Madhya Pradesh,9,9,2150.0,1020.42,200.0,0.11
Mandawari,Rajasthan,3,3,3862.0,2413.9,363.33,0.11
Mandi(Mandi),Himachal Pradesh,33,33,5915.15,5701.49,1990.91,0.41
Mandi(Takoli),Himachal Pradesh,11,11,4427.27,2362.24,3118.18,0.64
Mandla,Madhya Pradesh,2,2,2090.0,155.56,0.0,0.0
Mandsaur,Madhya Pradesh,9,8,7242.33,5794.73,1506.89,0.18
Mandya,Karnataka,4,1,3737.5,85.39,378.75,0.1
Mangal Wedha,Maharashtra,1,1,3000.0,,4050.0,1.35
Mangaon,Maharashtra,1,1,3500.0,,2900.0,0.83
Mangrol,Gujarat,5,5,5178.0,2221.43,166.0,0.05
Manjeri,Kerala,45,45,6534.44,9461.4,100.0,0.03
Manjhanpur,Uttar Pradesh,15,15,3424.0,2180.5,161.67,0.06
Manmad,Maharashtra,1,1,3650.0,,2749.0,0.75
Mannar,Kerala,3,3,4800.0,2029.78,233.33,0.05
Mannargudi I(Uzhavar Sandhai ),Tamil Nadu,43,43,7325.58,6945.4,1167.44,0.09
Mannargudi II(Uzhavar Sandhai ),Tamil Nadu,35,35,6057.14,6454.51,720.0,0.06
Mansa,Punjab,7,7,4842.14,1840.0,1148.57,0.19
Mansa(Manas Veg Yard),Gujarat,10,10,3100.0,2319.0,300.0,0.18
Manthani,Telangana,1,1,2203.0,,0.0,0.0
Manubazar,Tripura,4,4,14250.0,10602.67,3000.0,0.17
Maranelloor VFPCK,Kerala,19,2,3726.32,1310.15,652.63,0.19
Mathabhanga,West Bengal,5,5,3890.0,2701.94,174.0,0.05
Mathura,Uttar Pradesh,35,35,4741.43,3939.08,302.6,0.09
Mattathur VFPCK,Kerala,5,2,2300.0,1014.89,600.0,0.27
Maur,Punjab,12,12,4858.33,7376.03,333.33,0.07
Mayabandar,Andaman and Nicobar,12,12,91.25,89.5,38.33,0.43
Mayiladuthurai(Uzhavar Sandhai ),Tamil Nadu,35,35,4300.0,1720.12,457.14,0.12
Medavakkam(Uzhavar Sandhai ),Tamil Nadu,7,7,3642.86,1214.99,528.57,0.15
Medinipur(West),West Bengal,12,11,6883.33,4414.2,652.5,0.09
Meham,Haryana,11,11,2318.18,1026.47,290.91,0.14
Mehar,Madhya Pradesh,1,1,2500.0,,2575.0,1.03
Mehatpur,Punjab,5,5,2040.0,89.44,280.0,0.14
Mehgaon,Madhya Pradesh,1,1,2610.0,,10.0,0.0
Mehmoodabad,Uttar Pradesh,2,2,5575.0,3853.73,97.5,0.02
Mehndipatnam(Rythu Bazar),Telangana,24,23,3375.0,1555.98,0.0,0.0
Mehndli,Himachal Pradesh,2,2,4250.0,2474.87,4500.0,0.98
Mehrauni,Uttar Pradesh,5,5,4400.0,2110.69,480.0,0.11
Mehsana(Jornang),Gujarat,2,2,4725.0,2580.94,112.5,0.03
Mekhliganj,West Bengal,5,5,4615.0,2830.28,250.0,0.06
Melaghar,Tripura,7,6,12914.29,13149.96,1000.0,0.1
Melapalayam(Uzhavar Sandhai ),Tamil Nadu,51,51,6280.39,5968.38,974.51,0.15
Melur(Uzhavar Sandhai ),Tamil Nadu,36,36,4761.11,2994.21,850.0,0.18
Mettupalayam(Uzhavar Sandhai ),Tamil Nadu,52,52,5740.38,4884.28,638.46,0.13
Mettur(Uzhavar Sandhai ),Tamil Nadu,47,47,4614.89,2832.42,529.79,0.11
Mezhuveli  VFPCK,Kerala,2,2,4250.0,777.82,2550.0,0.66
Mhow,Madhya Pradesh,2,2,3881.0,1385.93,1360.0,0.34
Miryalaguda,Telangana,1,1,2203.0,,0.0,0.0
Mirzapur,Uttar Pradesh,30,30,5285.67,3835.65,90.5,0.03
Modasar        ,Gujarat,1,1,6900.0,,200.0,0.03
Mohamadabad,Uttar Pradesh,17,17,3277.35,1744.11,178.82,0.07
Mohammdi,Uttar Pradesh,20,20,4911.68,4114.58,86.58,0.03
Mohanur(Uzhavar Sandhai ),Tamil Nadu,34,34,4838.24,2892.94,670.59,0.15
Mohindergarh,Haryana,24,24,2733.33,1246.79,654.17,0.23
Mohol,Maharashtra,2,2,4350.0,3040.56,600.0,0.12
Moovattupuzha,Kerala,5,5,3880.0,1493.99,500.0,0.14
Morbi,Gujarat,17,17,4976.47,5583.45,1277.06,0.42
Morena,Madhya Pradesh,4,4,2598.75,2825.93,53.75,0.05
Morva Hafad,Gujarat,4,4,2168.75,211.52,437.5,0.21
Moth,Uttar Pradesh,7,7,3730.0,1724.09,144.29,0.04
Mow,Madhya Pradesh,1,1,2550.0,,20.0,0.01
Moynaguri,West Bengal,11,8,4845.45,3397.24,227.27,0.06
Mudkhed,Maharashtra,1,1,2150.0,,150.0,0.07
Mugrabaadshahpur,Uttar Pradesh,25,25,4482.8,3375.61,200.0,0.07
Mukerian,Punjab,17,17,4817.65,3389.0,1235.29,0.28
Mukerian(Talwara),Punjab,15,14,4446.67,2374.53,920.0,0.22
Mukhiguda,Odisha,5,5,3120.0,929.11,560.0,0.18
Mukkom,Kerala,26,26,5365.38,3590.2,323.08,0.06
Mulakalacheruvu,Andhra Pradesh,1,1,5000.0,,1100.0,0.22
Mullana,Haryana,1,1,2320.0,,0.0,0.0
Mullana(saha),Haryana,1,1,2320.0,,0.0,0.0
Mumbai,Maharashtra,2,2,5250.0,3889.09,4500.0,0.7
Mumbai- Fruit Market,Maharashtra,11,11,5977.27,4265.35,2954.55,0.51
Mundi,Madhya Pradesh,1,1,4000.0,,1230.0,0.31
Muradabad,Uttar Pradesh,7,7,3910.71,1692.53,47.14,0.01
Murbad,Maharashtra,1,1,2500.0,,1000.0,0.4
Muriyad  VFPCK,Kerala,4,1,3200.0,1045.63,975.0,0.32
Murud,Maharashtra,1,1,3250.0,,500.0,0.15
Musiri(Uzhavar Sandhai ),Tamil Nadu,51,51,4925.49,3260.17,825.49,0.18
Muskara,Uttar Pradesh,3,3,3250.0,957.86,166.67,0.05
Muthupettai(Uzhavar Sandhai ),Tamil Nadu,22,22,5286.36,2498.63,181.82,0.02
Muzzafarnagar,Uttar Pradesh,13,13,7384.62,4125.25,292.31,0.04
Myladi(Uzhavar Sandhai ),Tamil Nadu,11,11,6163.64,2779.31,709.09,0.12
NGO Colony(Uzhavar Sandhai ),Tamil Nadu,45,45,5315.56,3917.03,857.78,0.16
Naanpara,Uttar Pradesh,12,12,3912.5,3614.69,256.67,0.07
Nabarangpur(Umerkote),Odisha,1,1,2000.0,,0.0,0.0
Nabha,Punjab,22,22,4931.82,5012.12,1604.55,0.44
Nadiad,Gujarat,2,2,3300.0,989.95,1200.0,0.33
Nadiyad(Chaklasi),Gujarat,5,5,2010.0,760.26,390.0,0.19
Nadiyad(Piplag),Gujarat,16,16,3406.25,2661.57,503.12,0.14
Nagapattinam(Uzhavar Sandhai ),Tamil Nadu,45,45,6017.78,5425.12,800.0,0.15
Nagari,Chattisgarh,1,1,2100.0,,0.0,0.0
Nagarkurnool,Telangana,1,1,2123.0,,349.0,0.16
Nagda,Madhya Pradesh,2,2,4615.0,162.63,465.5,0.1
Nagina,Uttar Pradesh,1,1,8000.0,,5000.0,0.62
Nagod,Madhya Pradesh,1,1,6800.0,,200.0,0.03
Nagpur,Maharashtra,8,7,6644.62,3505.07,528.62,0.07
Nahargarh,Rajasthan,6,6,3850.83,2226.47,1049.17,0.25
Nainpur,Madhya Pradesh,1,1,2500.0,,0.0,0.0
Nakodar,Punjab,3,3,1533.33,472.58,233.33,0.16
Nalkehda,Madhya Pradesh,1,1,4522.0,,372.0,0.08
Namakkal(Uzhavar Sandhai ),Tamil Nadu,47,47,5442.55,4858.96,700.0,0.16
Nanakmatta,Uttrakhand,1,1,1650.0,,50.0,0.03
Nanganallur(Uzhavar Sandhai ),Tamil Nadu,7,7,3885.71,1451.93,571.43,0.14
Naraingarh,Haryana,24,24,3325.0,2066.56,1941.67,0.62
Naravarikuppam(Uzhavar Sandhai ),Tamil Nadu,19,19,4552.63,1778.69,0.0,0.0
Narayanpet,Telangana,1,1,3022.0,,0.0,0.0
Narharpur,Chattisgarh,1,1,2200.0,,0.0,0.0
Narnaul,Haryana,25,25,3892.0,2812.02,1000.0,0.26
Narsinghgarh,Madhya Pradesh,1,1,4200.0,,0.0,0.0
Narwal Jammu (F&V),Jammu and Kashmir,40,38,5080.0,4460.52,1120.0,0.2
Narwana,Haryana,8,8,4787.5,4453.71,837.5,0.17
Nashik(Devlali),Maharashtra,4,4,1937.5,1165.03,900.0,0.45
Nasik,Maharashtra,9,9,5466.67,4710.1,4888.89,0.73
Nasrullaganj,Madhya Pradesh,5,5,4417.2,2475.76,1582.2,0.25
Natrampalli(Uzhavar Sandhai ),Tamil Nadu,32,32,5303.12,6932.28,1209.38,0.22
Natwar,Bihar,1,1,2500.0,,200.0,0.08
Naugaon,Madhya Pradesh,2,2,3902.5,1834.94,160.0,0.03
Nautnava,Uttar Pradesh,14,14,4041.07,4104.25,199.29,0.08
Navsari,Gujarat,17,17,3869.12,1658.02,1144.12,0.35
Nawabganj,Uttar Pradesh,29,29,4516.03,3754.22,147.24,0.04
Nawalgarh,Rajasthan,1,1,6900.0,,200.0,0.03
Nawan Shahar(Subzi Mandi),Punjab,22,20,4590.91,3616.72,386.36,0.1
Nawanshahar,Punjab,1,1,2139.0,,338.0,0.16
Nawarangpur,Odisha,1,1,2000.0,,0.0,0.0
Needamangalam(Uzhavar Sandhai ),Tamil Nadu,21,21,3809.52,1723.34,0.0,0.0
Neeleswaram,Kerala,25,25,8132.0,7344.09,484.0,0.08
Neemuch,Madhya Pradesh,3,3,11690.67,12960.69,247.33,0.06
Neredcherla,Telangana,1,1,2300.0,,0.0,0.0
"New Grain Market , Jind",Haryana,1,1,2650.0,,370.0,0.14
"New Grain Market(main), Karnal",Haryana,15,15,3196.67,1757.28,1533.33,0.46
Newasa,Maharashtra,1,1,2400.0,,0.0,0.0
Neyyatinkara,Kerala,20,20,6580.0,4149.39,995.0,0.14
Nilagiri,Odisha,4,4,2762.5,926.8,225.0,0.09
Nilanga,Maharashtra,4,4,4975.0,2309.94,860.0,0.17
Nimapara,Odisha,2,2,3500.0,1414.21,1500.0,0.42
Nizar,Gujarat,1,1,7450.0,,190.0,0.03
Nizar(Kukarmuda),Gujarat,1,1,2195.0,,120.0,0.05
Nizar(Pumkitalov),Gujarat,1,1,2525.0,,170.0,0.07
Noida,Uttar Pradesh,22,22,3418.64,1672.93,132.73,0.04
Nooluvally  VFPCK,Kerala,5,3,2280.0,1138.86,600.0,0.27
North Paravur,Kerala,40,40,8365.0,14389.48,2185.0,0.24
Nuiland,Nagaland,5,5,3160.0,1108.15,260.0,0.09
Obedullaganj,Madhya Pradesh,5,4,4664.2,2479.29,304.0,0.05
Orai,Uttar Pradesh,18,18,3811.39,2003.17,429.17,0.13
Ositan Mathania,Rajasthan,2,2,12850.0,14354.27,2100.0,0.12
Paatan,Madhya Pradesh,3,3,4390.0,3379.93,856.67,0.14
Pachaur,Madhya Pradesh,3,3,4543.33,1781.15,529.33,0.11
Padampur,Odisha,3,3,5700.0,2022.37,200.0,0.04
Padappai(Uzhavar Sandhai ),Tamil Nadu,36,36,5616.67,4315.92,1602.78,0.29
Padra,Gujarat,22,22,3985.23,3009.37,788.64,0.22
Pakhanjur,Chattisgarh,1,1,2000.0,,0.0,0.0
Pala,Kerala,17,16,5017.65,1464.26,1411.76,0.3
Palacode(Uzhavar Sandhai ),Tamil Nadu,48,48,5085.42,5118.72,414.58,0.09
Palakkad,Kerala,49,43,6785.71,5621.94,1012.24,0.2
Palamaner,Andhra Pradesh,8,8,2412.5,1229.91,1025.0,0.47
Palanganatham(Uzhavar Sandhai ),Tamil Nadu,53,53,7716.98,7196.09,1837.74,0.23
Palani,Tamil Nadu,1,1,2000.0,,100.0,0.05
Palani(Uzhavar Sandhai ),Tamil Nadu,49,49,5630.61,5328.9,991.84,0.19
Palanpur,Gujarat,6,6,4469.0,2124.93,186.67,0.05
Palayam,Kerala,26,26,3386.23,2131.42,76.92,0.02
Palayamkottai(Uzhavar Sandhai ),Tamil Nadu,49,49,6138.78,6300.46,877.55,0.14
Palghar,Maharashtra,2,2,3711.5,1115.11,0.0,0.0
Paliakala,Uttar Pradesh,7,7,4130.0,1942.15,34.29,0.01
Palladam(Uzhavar Sandhai ),Tamil Nadu,33,33,4354.55,2565.04,778.79,0.2
Pallapatti (Uzhavar Sandhai ),Tamil Nadu,30,30,5066.67,2784.6,783.33,0.16
Pallavaram(Uzhavar Sandhai ),Tamil Nadu,50,50,5880.0,4547.44,850.0,0.15
Pamohi(Garchuk),Assam,4,4,4150.15,3660.9,450.02,0.12
Pampady,Kerala,28,26,4888.93,2174.2,1325.0,0.31
Panchpedwa,Uttar Pradesh,7,7,3328.57,1004.51,342.86,0.11
Pandalam,Kerala,1,1,17800.0,,2200.0,0.12
Pandanadu  VFPCK,Kerala,1,1,6500.0,,800.0,0.12
Pandhana,Madhya Pradesh,2,1,4275.0,35.36,329.5,0.08
Pandkital,Odisha,7,7,4671.43,1494.39,235.71,0.05
Panipat,Haryana,7,7,2285.71,1005.7,1357.14,0.54
Panposh,Odisha,11,11,4136.36,1886.41,400.0,0.14
Panruti(Uzhavar Sandhai ),Tamil Nadu,26,26,4134.62,1552.79,615.38,0.17
Panvel,Maharashtra,11,11,4963.64,1663.29,1090.91,0.22
Papanasam(Uzhavar Sandhai ),Tamil Nadu,21,21,4642.86,1740.85,900.0,0.17
Parala,Himachal Pradesh,2,2,4750.0,2474.87,5000.0,1.04
Paramakudi(Uzhavar Sandhai ),Tamil Nadu,40,40,10817.5,14860.32,1500.0,0.14
Paramathivelur(Uzhavar Sandhai ),Tamil Nadu,40,40,4687.5,2322.16,547.5,0.13
Parassala,Kerala,20,19,4380.0,2513.04,225.0,0.08
Parlakhemundi,Odisha,5,5,2100.0,1036.82,200.0,0.11
Partaval,Uttar Pradesh,9,9,2701.11,929.59,153.33,0.06
Paruthipattu(Uzhavar Sandhai ),Tamil Nadu,24,24,4479.17,744.24,0.0,0.0
Patan,Gujarat,16,16,5535.25,5032.08,1350.12,0.24
Pataudi,Haryana,8,8,3050.0,1826.78,837.5,0.26
Patran,Punjab,26,26,3290.77,2065.12,1546.15,0.39
Pattambi,Kerala,34,32,4561.76,2866.42,502.94,0.13
Patti,Punjab,15,15,2566.67,1558.69,593.33,0.24
Pattikonda,Andhra Pradesh,2,2,4000.0,1131.37,500.0,0.13
Pattiyam  VFPCK,Kerala,1,1,6000.0,,0.0,0.0
Pattukottai(Uzhavar Sandhai ),Tamil Nadu,35,35,5171.43,3139.74,160.0,0.02
"Pavilion Ground,Khammam,RBZ",Telangana,1,1,2600.0,,600.0,0.23
Payyannur,Kerala,12,10,11300.0,18716.64,500.0,0.06
Peddapalli,Telangana,1,1,7020.0,,0.0,0.0
Pehowa,Haryana,2,2,2862.5,1778.37,115.0,0.03
Pennagaram(Uzhavar Sandhai ),Tamil Nadu,41,41,5114.63,5226.5,304.88,0.08
Perambakkam(Uzhavar Sandhai ),Tamil Nadu,13,13,8269.23,9890.26,0.0,0.0
Perambalur(Uzhavar Sandhai ),Tamil Nadu,54,54,7405.56,7056.44,272.22,0.03
Periyakulam(Uzhavar Sandhai ),Tamil Nadu,36,36,4183.33,2825.65,336.11,0.05
Periyar Nagar(Uzhavar Sandhai ),Tamil Nadu,30,30,3953.33,2405.99,520.0,0.15
Perumbavoor,Kerala,34,34,8035.29,12124.68,1000.0,0.24
Perundurai(Uzhavar Sandhai ),Tamil Nadu,32,32,4506.25,2395.01,484.38,0.12
Petlawad,Madhya Pradesh,4,3,3037.5,1781.09,237.0,0.06
Pharasgaon,Chattisgarh,1,1,1800.0,,0.0,0.0
Phillaur(Apra Mandi),Punjab,7,7,2500.0,866.03,0.0,0.0
Pilibhit,Uttar Pradesh,8,8,5518.62,3749.41,91.25,0.02
Pimpalgaon,Maharashtra,2,2,7425.0,4702.26,10424.5,1.2
Pipariya,Madhya Pradesh,4,4,4818.75,2705.81,1802.0,0.3
Piplya,Madhya Pradesh,3,2,19032.0,12378.86,9900.0,0.41
Piro,Bihar,2,2,4085.0,657.61,70.0,0.02
Pollachi(Uzhavar Sandhai ),Tamil Nadu,41,41,7046.34,7086.58,1592.68,0.2
Polur(Uzhavar Sandhai ),Tamil Nadu,47,47,4640.43,4455.32,812.77,0.18
Porbandar,Gujarat,31,30,5696.45,4492.76,1504.84,0.28
Porsa,Madhya Pradesh,3,3,1600.0,529.15,266.67,0.15
Pothencode,Kerala,28,28,38846.43,37088.32,72.14,0.0
Pramadom VFPCK,Kerala,2,2,4600.0,1272.79,2650.0,0.68
Pratapgarh,Uttar Pradesh,27,27,5088.33,3933.92,211.11,0.06
Prithvipur,Madhya Pradesh,1,1,2625.0,,5.0,0.0
Pudukottai(Uzhavar Sandhai ),Tamil Nadu,49,49,6602.04,5726.38,1024.49,0.17
Pudur,Telangana,1,1,2225.0,,0.0,0.0
Pullur Periya  VFPCK,Kerala,6,5,3600.0,938.08,483.33,0.15
Pulpally,Kerala,12,12,10949.17,17865.78,170.0,0.06
Pulwama (F&V),Jammu and Kashmir,6,2,4583.33,961.5,1041.67,0.23
Pune,Maharashtra,61,61,4149.41,4121.01,2517.3,0.7
Pune(Khadiki),Maharashtra,19,19,1819.68,1183.66,474.21,0.33
Pune(Moshi),Maharashtra,40,40,3973.1,3667.0,802.88,0.25
Pune(Pimpri),Maharashtra,10,10,2107.4,1646.59,90.8,0.14
Punhana,Haryana,13,13,2338.46,1460.9,53.85,0.04
Puramattom VFPCK,Kerala,1,1,1000.0,,300.0,0.3
Puranpur,Uttar Pradesh,7,7,5196.43,3840.95,87.86,0.02
Purulia,West Bengal,9,9,6041.11,4990.11,217.78,0.07
Purwa,Uttar Pradesh,17,17,3591.18,3329.78,96.76,0.04
Puthenvelikkara  VFPCK,Kerala,1,1,3700.0,,200.0,0.05
Puthupariyaram  VFPCK,Kerala,1,1,1000.0,,0.0,0.0
Puwaha,Uttar Pradesh,21,21,3995.95,3676.43,200.0,0.08
Quilandy,Kerala,24,24,3870.83,1882.52,170.83,0.05
RSPuram(Uzhavar Sandhai ),Tamil Nadu,61,61,6434.43,5759.6,1136.07,0.16
Radaur,Haryana,21,21,2761.9,1561.88,585.71,0.23
Rahama,Odisha,4,4,6800.0,7511.77,9150.0,0.97
Rahuri,Maharashtra,1,1,2650.0,,300.0,0.11
Raibareilly,Uttar Pradesh,31,31,4539.52,3905.72,87.26,0.03
Raigarh,Chattisgarh,3,3,3333.33,950.44,800.0,0.23
Raipur,Chattisgarh,2,1,2045.5,13.44,1.5,0.0
Raipur Rai,Haryana,12,12,1791.67,742.79,300.0,0.17
Raisen,Madhya Pradesh,1,1,2975.0,,0.0,0.0
Rajakkad  VFPCK,Kerala,2,2,3500.0,707.11,0.0,0.0
Rajapalayam,Tamil Nadu,1,1,1950.0,,100.0,0.05
Rajapalayam(Uzhavar Sandhai ),Tamil Nadu,40,40,5570.0,4170.79,645.0,0.14
Rajgarh,Madhya Pradesh,1,1,4400.0,,2600.0,0.59
Rajkot,Gujarat,21,17,8327.62,5562.82,1858.1,0.19
Rajkot(Veg.Sub Yard),Gujarat,11,11,4384.09,2872.33,2150.0,0.52
Rajnagar,Madhya Pradesh,1,1,12000.0,,500.0,0.04
Rajouri (F&V),Jammu and Kashmir,21,21,5150.0,2467.69,252.38,0.05
Rajpipla,Gujarat,1,1,2520.0,,1075.0,0.43
Rajpura,Punjab,1,1,2690.0,,475.0,0.18
Rajula,Gujarat,9,9,5221.89,2981.13,1435.56,0.31
Ramanagara,Karnataka,22,21,2950.0,1822.02,1177.27,0.38
Ramanathapuram(Uzhavar Sandhai ),Tamil Nadu,26,26,9557.69,11979.49,1023.08,0.11
Ramkrishanpur(Howrah),West Bengal,12,11,7303.33,4279.27,710.83,0.12
Rampur,Uttar Pradesh,18,18,3561.67,1831.58,90.83,0.03
Rampuraphul(Nabha Mandi),Punjab,8,8,4087.5,2633.0,1925.0,0.44
Rampurhat,West Bengal,7,6,3236.14,1605.58,108.57,0.03
Rampurmaniharan,Uttar Pradesh,20,20,2665.0,1682.11,130.0,0.06
Ranaghat,West Bengal,8,8,4745.0,2055.15,136.25,0.03
Ranipettai(Uzhavar Sandhai ),Tamil Nadu,56,56,6932.14,7501.59,875.0,0.11
Raniwara,Rajasthan,2,2,5025.0,35.36,50.0,0.01
Ranniangadi,Kerala,7,7,4285.71,1242.88,100.0,0.03
Rapar,Gujarat,4,4,10561.25,9611.61,1956.25,0.26
Rasda,Uttar Pradesh,27,27,4934.81,3833.16,143.89,0.05
Rasipuram(Uzhavar Sandhai ),Tamil Nadu,50,50,5956.0,6344.99,1062.0,0.18
Ratia,Haryana,7,7,3342.86,873.42,1671.43,0.51
Ratlam,Madhya Pradesh,3,3,10581.33,10849.73,1619.33,0.21
Ratnagiri (Nachane),Maharashtra,12,12,2425.0,1313.65,1125.0,0.45
Raver,Maharashtra,3,3,3948.33,2476.35,16.67,0.01
Rayya,Punjab,8,8,2350.0,595.22,0.0,0.0
Rehati,Madhya Pradesh,1,1,6470.0,,30.0,0.0
Richha,Uttar Pradesh,4,4,2533.75,1671.62,72.5,0.05
Roha,Maharashtra,1,1,2216.0,,67.0,0.03
Rohroo,Himachal Pradesh,14,14,4435.71,2852.69,364.29,0.12
Roorkee,Uttrakhand,3,3,2000.0,1732.05,933.33,0.43
Ropar,Punjab,9,9,5866.67,5634.49,1266.67,0.25
Rudauli,Uttar Pradesh,17,17,4384.71,3435.95,99.41,0.03
Sabalgarh,Madhya Pradesh,1,1,2722.0,,147.0,0.05
Sadulpur,Rajasthan,1,1,2150.0,,100.0,0.05
Safdarganj,Uttar Pradesh,20,20,5664.5,4432.5,91.0,0.03
Sagar,Madhya Pradesh,6,6,5365.0,1635.89,113.33,0.02
Saharanpur,Uttar Pradesh,21,21,7034.29,3679.9,344.76,0.06
Sahiyapur,Uttar Pradesh,13,13,3117.69,2934.75,49.23,0.02
Sahnewal,Punjab,3,3,2266.67,642.91,0.0,0.0
Sailana,Madhya Pradesh,3,3,8333.33,9328.63,843.67,0.45
Sainthia,West Bengal,7,7,5832.86,5054.79,162.86,0.03
Salon,Uttar Pradesh,3,3,3353.33,1102.78,25.0,0.01
Sambhal,Uttar Pradesh,7,7,2685.71,2213.35,407.14,0.15
Sami,Gujarat,5,5,10560.0,8432.04,1050.0,0.12
Sampara,Andhra Pradesh,1,1,2183.0,,0.0,0.0
Sampath Nagar(Uzhavar Sandhai ),Tamil Nadu,51,51,6919.61,8653.12,750.98,0.13
Sampla,Haryana,5,5,4200.0,1753.57,200.0,0.03
Samrala,Punjab,6,6,2800.0,1397.14,483.33,0.18
Samraniyan,Rajasthan,5,5,4561.8,2124.08,303.2,0.06
Samsi,West Bengal,3,3,3720.0,1336.3,106.67,0.03
Sanawad,Madhya Pradesh,7,5,4986.57,3493.52,933.71,0.12
Sanawad(F&V),Madhya Pradesh,7,7,2028.57,1386.5,685.71,0.3
Sandi,Uttar Pradesh,15,15,4834.67,4301.09,73.67,0.02
Sandila,Uttar Pradesh,17,17,5321.18,4150.41,89.41,0.03
Sangli,Maharashtra,9,9,6841.67,2571.54,1716.67,0.25
"Sangli(Phale, Bhajipura Market)",Maharashtra,11,11,7090.91,7117.12,5727.27,0.79
Sankarankoil(Uzhavar Sandhai ),Tamil Nadu,26,26,4346.15,2230.56,192.31,0.05
Sankarapuram(Uzhavar Sandhai ),Tamil Nadu,39,39,5400.0,3108.82,256.41,0.02
Sankeshwar,Karnataka,2,2,3583.0,1036.62,227.0,0.07
Santhesargur,Karnataka,7,7,1573.57,326.74,85.29,0.05
Santir Bazar,Tripura,2,2,8000.0,0.0,400.0,0.05
Santoshgarh,Himachal Pradesh,22,22,4990.91,4888.78,363.64,0.11
Sanwer,Madhya Pradesh,2,2,3748.0,1374.62,739.0,0.16
Sarangpur,Madhya Pradesh,1,1,3799.0,,0.0,0.0
Sarangpur(F&V),Madhya Pradesh,7,7,1057.14,161.83,900.0,0.88
Sarankul,Odisha,4,4,2625.0,505.8,300.0,0.11
Sardhana,Uttar Pradesh,5,5,2010.0,657.08,150.0,0.08
Sariahjan,Assam,11,11,3987.92,3680.04,581.83,0.16
Satara,Maharashtra,6,6,2675.0,1062.9,916.67,0.32
Sathiyamagalam(Uzhavar Sandhai ),Tamil Nadu,41,41,4134.15,2380.72,524.39,0.15
Sathur(Uzhavar Sandhai ),Tamil Nadu,31,31,4951.61,2589.58,625.81,0.13
Sattupalli,Telangana,1,1,2200.0,,200.0,0.09
Savarkundla,Gujarat,11,9,6859.27,5936.09,1492.73,0.23
Sayala,Gujarat,1,1,7162.0,,825.0,0.12
Sehjanwa,Uttar Pradesh,3,3,2800.0,854.4,15.0,0.01
Sehora,Madhya Pradesh,3,3,4640.0,2820.87,505.0,0.08
Sehore,Madhya Pradesh,4,3,3498.0,647.01,849.25,0.22
Semriharchand,Madhya Pradesh,3,3,2967.0,1589.08,116.33,0.06
Sendhwa,Madhya Pradesh,3,2,1966.67,551.32,66.67,0.04
Seoni,Madhya Pradesh,1,1,5500.0,,0.0,0.0
Serfanguri,Assam,8,8,3216.75,1966.86,354.18,0.11
Sevda,Madhya Pradesh,1,1,6340.0,,0.0,0.0
Shadabad,Uttar Pradesh,3,3,2850.0,1473.09,100.0,0.04
Shahabad,Haryana,33,33,4553.79,3620.99,987.12,0.25
Shahagarh,Madhya Pradesh,1,1,2600.0,,0.0,0.0
Shahaswan,Uttar Pradesh,9,9,2792.22,1374.7,366.67,0.14
Shahdol,Madhya Pradesh,1,1,1900.0,,0.0,0.0
Shahganj,Uttar Pradesh,25,25,3686.0,3248.65,192.8,0.07
Shahkot,Punjab,5,5,1800.0,651.92,200.0,0.13
Shahpura(Jabalpur),Madhya Pradesh,2,2,2843.0,1261.48,98.0,0.05
Shahzadpur,Haryana,13,13,2400.0,1174.73,719.23,0.39
Shajapur,Madhya Pradesh,3,2,7265.67,8478.24,4658.33,0.8
Shamgarh,Madhya Pradesh,8,8,5355.12,1403.15,112.62,0.03
Shamli,Uttar Pradesh,14,14,7032.86,4169.93,77.86,0.02
Shekhpura,Bihar,1,1,2700.0,,200.0,0.07
Shillong,Meghalaya,11,11,5263.64,4720.65,1518.18,0.23
Shimla,Himachal Pradesh,32,32,5703.12,3304.1,1971.88,0.35
Shimoga,Karnataka,27,25,5759.26,3769.11,1177.78,0.24
Shyampur,Madhya Pradesh,2,1,4271.0,42.43,190.0,0.04
Sibsagar,Assam,8,8,5175.0,3545.12,600.0,0.12
Siddhpur,Gujarat,8,8,5537.62,2099.71,556.88,0.12
Sidhi,Madhya Pradesh,1,1,2450.0,,85.0,0.03
Sikanderabad,Uttar Pradesh,1,1,1100.0,,200.0,0.18
Sikandraraau,Uttar Pradesh,3,3,2135.0,538.49,120.0,0.07
Sikar,Rajasthan,4,4,2650.0,975.53,450.0,0.2
Sikarpur,Uttar Pradesh,20,20,3689.4,2998.17,242.5,0.08
Siliguri,West Bengal,12,12,7490.0,4588.46,395.83,0.07
Silvani,Madhya Pradesh,1,1,2661.0,,76.0,0.03
Simariya,Madhya Pradesh,2,1,2535.0,35.36,132.5,0.05
Singampunari(Uzhavar Sandhai ),Tamil Nadu,33,33,5036.36,3445.27,906.06,0.2
Singanallur(Uzhavar Sandhai ),Tamil Nadu,52,52,6271.15,5200.69,1086.54,0.15
Sirkali(Uzhavar Sandhai ),Tamil Nadu,42,42,5488.1,3334.02,619.05,0.13
Sironj,Madhya Pradesh,3,3,4420.0,2200.32,150.0,0.04
Sirsa,Haryana,12,11,3291.67,1538.87,1075.0,0.35
Sitapur,Uttar Pradesh,17,17,5299.71,3558.58,262.94,0.08
Sitmau,Madhya Pradesh,2,2,11852.0,10688.63,3205.0,0.17
Sivagangai (Uzhavar Sandhai ),Tamil Nadu,41,41,5924.39,4784.39,821.95,0.12
Sivakasi(Uzhavar Sandhai ),Tamil Nadu,36,36,4638.89,3179.42,161.11,0.04
Siyana,Uttar Pradesh,20,20,2647.5,1473.98,117.5,0.05
Sohela,Odisha,4,4,4375.0,888.35,200.0,0.05
Sohna,Haryana,7,7,2671.43,1171.49,957.14,0.37
Sonabarighat,Assam,8,8,4912.5,2673.92,237.5,0.05
Sonepat(Kharkhoda),Haryana,5,5,3780.0,1930.54,1120.0,0.3
Sonkatch,Madhya Pradesh,1,1,2691.0,,149.0,0.06
Sonpeth,Maharashtra,5,5,5021.0,2826.89,303.2,0.07
Sooramangalam(Uzhavar Sandhai ),Tamil Nadu,58,58,6060.34,4473.74,977.59,0.14
Sri Har Gobindpur,Punjab,1,1,2000.0,,400.0,0.2
Sri Har Gobindpur(Harechowal),Punjab,1,1,500.0,,200.0,0.4
Srinivasapur,Karnataka,1,1,2667.0,,2333.0,0.87
Srirangapattana,Karnataka,1,1,4200.0,,350.0,0.08
Srivilliputhur(Uzhavar Sandhai ),Tamil Nadu,36,36,4852.78,2612.66,427.78,0.1
Sultanpur,Uttar Pradesh,8,8,5757.5,4576.53,137.5,0.03
Sulur(Uzhavar Sandhai ),Tamil Nadu,40,40,5615.0,4982.2,687.5,0.14
Sundarapuram(Uzhavar Sandhai ),Tamil Nadu,33,33,5387.88,5404.5,560.61,0.11
Surat,Gujarat,39,39,4164.1,2711.77,2374.36,0.63
Suratgarh,Rajasthan,11,11,4577.73,2723.57,550.0,0.1
Suryapeta,Telangana,7,5,4594.0,1981.75,2659.86,0.49
Taal,Madhya Pradesh,1,1,4588.0,,888.0,0.19
Tajpur,Bihar,1,1,5400.0,,200.0,0.04
Talalagir,Gujarat,5,5,2700.0,836.66,2000.0,0.78
Taleja,Gujarat,10,9,5433.0,2862.02,1311.5,0.24
Talod,Gujarat,3,3,3954.0,2307.8,295.0,0.09
Talwandi Sabo,Punjab,11,11,3336.36,1654.86,427.27,0.13
Tamarainagar(Uzhavar Sandhai ),Tamil Nadu,47,47,5644.68,5620.95,797.87,0.16
Tanakpur,Uttrakhand,1,1,2850.0,,100.0,0.04
Tanda Urmur,Punjab,19,19,6078.95,6083.73,1110.53,0.23
Tanduru,Telangana,4,4,4780.5,1979.95,1647.5,0.3
Tarana,Madhya Pradesh,3,2,3933.33,1171.89,786.0,0.17
Tarantaran,Punjab,12,12,3600.0,1871.31,575.0,0.16
Teliamura,Tripura,19,19,7052.63,4858.48,389.47,0.07
Tendukheda,Madhya Pradesh,1,1,6048.0,,60.0,0.01
Tenkasi(Uzhavar Sandhai ),Tamil Nadu,45,45,6002.22,6352.36,513.33,0.07
Thalasserry,Kerala,11,10,10981.82,17268.46,472.73,0.05
Thalavadi(Uzhavar Sandhai ),Tamil Nadu,32,32,3456.25,1783.06,490.62,0.16
Thalavaipuram(Uzhavar Sandhai ),Tamil Nadu,32,32,4753.12,3656.98,893.75,0.19
Thalayolaparambu,Kerala,33,28,4675.76,2787.03,400.0,0.11
Thamarassery,Kerala,23,23,3817.39,2688.98,921.74,0.29
Thammampatti (Uzhavar Sandhai ),Tamil Nadu,42,42,6023.81,6176.7,676.19,0.15
Thanesar,Haryana,37,37,4870.27,4274.53,2275.68,0.45
Thanjavur,Tamil Nadu,1,1,3250.0,,500.0,0.15
Thanjavur(Uzhavar Sandhai ),Tamil Nadu,48,48,7579.17,6838.56,506.25,0.05
Thara,Gujarat,6,6,8494.17,8140.68,220.0,0.05
Thara(Shihori),Gujarat,3,3,3738.33,2498.6,126.67,0.05
Thathakapatti(Uzhavar Sandhai ),Tamil Nadu,61,61,7831.15,7773.19,1327.87,0.18
Thattanchavady,Pondicherry,4,3,3082.0,1498.63,1737.5,0.38
Thazhakkara  VFPCK,Kerala,3,3,4666.67,2814.84,3833.33,1.12
Theni(Uzhavar Sandhai ),Tamil Nadu,55,55,6872.73,6832.86,3921.82,0.63
Thirukalukundram(Uzhavar Sandhai ),Tamil Nadu,27,27,4148.15,1116.44,518.52,0.13
Thirumangalam(Uzhavar Sandhai ),Tamil Nadu,20,20,4360.0,2308.2,860.0,0.19
Thirupathur,Tamil Nadu,48,48,5083.33,5423.88,854.17,0.17
Thiruvaniyoor  VFPCK,Kerala,6,5,1900.0,1462.87,1650.0,1.18
Thodupuzha,Kerala,41,31,16431.71,36973.23,1153.66,0.1
Thompramkudi VFPCK,Kerala,1,1,3300.0,,500.0,0.15
Thoothukudi,Tamil Nadu,1,1,6800.0,,500.0,0.07
Thottuva  VFPCK,Kerala,2,2,52.0,0.0,5.0,0.1
Thrippunithura,Kerala,33,32,6063.64,3079.25,1712.12,0.32
Thrissur,Kerala,34,32,7767.65,13143.17,305.88,0.08
Thungathurthy,Telangana,1,1,2203.0,,0.0,0.0
Thuraiyur,Tamil Nadu,50,50,4966.0,3313.15,964.0,0.16
Tilhar,Uttar Pradesh,20,20,3095.75,1508.6,99.25,0.04
Timarni,Madhya Pradesh,6,5,4527.83,2470.31,2019.33,0.33
Tindivanam,Tamil Nadu,52,52,5603.85,4897.7,307.69,0.04
Tiphra,Chattisgarh,21,21,4223.81,3066.74,247.62,0.07
Tiruchengode,Tamil Nadu,49,49,5040.82,3358.5,744.9,0.16
Tirumalagiri,Telangana,5,4,4329.0,2990.35,456.4,0.09
Tirunelvali,Tamil Nadu,1,1,2400.0,,800.0,0.33
Tirupatthur(Uzhavar Sandhai ),Tamil Nadu,41,41,5721.95,3534.86,1107.32,0.17
Tiruppur (North) (Uzhavar Sandhai ),Tamil Nadu,42,42,5357.14,5379.23,573.81,0.13
Tiruppur (South) (Uzhavar Sandhai ),Tamil Nadu,34,34,4002.94,3396.83,808.82,0.18
Tiruthuraipoondi(Uzhavar Sandhai ),Tamil Nadu,31,31,4883.87,3031.73,32.26,0.02
Tiruttani,Tamil Nadu,1,1,2100.0,,600.0,0.29
Tiruvallur(Uzhavar Sandhai ),Tamil Nadu,24,24,5554.17,6515.67,0.0,0.0
Tiruvannamalai(Uzhavar Sandhai ),Tamil Nadu,67,67,7613.43,8251.52,1328.36,0.19
Tiruvarur(Uzhavar Sandhai ),Tamil Nadu,39,39,6420.51,4737.04,194.87,0.03
Tiruvellore,Tamil Nadu,1,1,2200.0,,600.0,0.27
Tiruvuru,Andhra Pradesh,1,1,2600.0,,200.0,0.08
Toofanganj,West Bengal,5,5,4274.0,2678.97,250.0,0.06
Trichy,Tamil Nadu,1,1,2350.0,,685.0,0.29
Tsemenyu,Nagaland,8,8,4000.0,1471.64,750.0,0.19
Tuljapur,Maharashtra,4,4,5362.5,2329.3,825.0,0.15
Tulsipur,Uttar Pradesh,8,8,3299.38,2105.53,67.5,0.03
Tundla,Uttar Pradesh,21,21,4125.24,2224.29,60.48,0.02
Tura,Meghalaya,1,1,5600.0,,500.0,0.09
Tuticorin(Uzhavar Sandhai ),Tamil Nadu,49,49,6653.06,5901.27,585.71,0.12
Udaipura,Madhya Pradesh,1,1,6900.0,,390.0,0.06
Udhagamandalam(Uzhavar Sandhai ),Tamil Nadu,53,53,6367.92,4390.32,669.81,0.12
Udumalpet,Tamil Nadu,46,46,6354.35,6373.23,1004.35,0.18
Ujjain,Madhya Pradesh,6,5,3588.83,1228.93,752.33,0.22
Uklana,Haryana,9,9,2633.33,1666.58,488.89,0.11
Ulhasnagar,Maharashtra,2,2,3800.0,989.95,600.0,0.14
Ulundurpettai,Tamil Nadu,34,34,5141.18,2723.76,176.47,0.03
Umariya,Madhya Pradesh,7,5,3395.0,920.15,135.71,0.04
Umreth,Gujarat,1,1,2340.0,,50.0,0.02
Una,Himachal Pradesh,28,28,6492.86,5668.28,1789.29,0.3
Unava,Gujarat,3,3,6528.33,552.64,990.0,0.14
Uniyara,Rajasthan,3,3,5458.0,2372.77,215.33,0.03
Unnao,Uttar Pradesh,32,32,4526.72,3600.25,109.38,0.04
Usilampatty,Tamil Nadu,23,23,4886.96,3484.03,952.17,0.19
Uthukottai,Tamil Nadu,1,1,1900.0,,100.0,0.05
Uttaripura,Uttar Pradesh,22,22,4041.14,3190.25,163.64,0.06
Vadakarapathy VFPCK,Kerala,1,1,3000.0,,700.0,0.23
Vadakkenchery,Kerala,21,19,7130.95,6688.9,547.62,0.1
Vadaseri,Tamil Nadu,44,44,7196.59,8031.11,637.5,0.08
Vadavalli(Uzhavar Sandhai ),Tamil Nadu,51,51,6123.53,5802.33,937.25,0.14
Vadgam,Gujarat,2,2,2510.0,233.35,7.5,0.0
Vadhvan,Gujarat,25,25,4020.0,4288.38,720.0,0.26
Vadvani,Maharashtra,1,1,4001.0,,300.0,0.07
Vaghai,Gujarat,1,1,2000.0,,200.0,0.1
Vai,Maharashtra,5,5,2290.0,811.94,700.0,0.28
Valangaiman,Tamil Nadu,23,23,3904.35,1608.92,0.0,0.0
Valsad,Gujarat,1,1,2050.0,,100.0,0.05
Vamanapuram,Kerala,16,16,4975.0,2088.22,362.5,0.08
Vandavasi,Tamil Nadu,2,2,4737.0,3611.9,1589.0,0.32
Vaniyampadi(Uzhavar Sandhai ),Tamil Nadu,47,47,5234.04,5651.91,212.77,0.04
Vankaner,Gujarat,6,6,9517.5,7471.91,1855.0,0.23
Varanasi,Uttar Pradesh,36,36,5060.83,3688.57,137.08,0.03
Varandarappilly  VFPCK,Kerala,4,1,2850.0,1084.74,675.0,0.26
Vasai,Maharashtra,2,2,3950.0,707.11,1200.0,0.29
Vashi New Mumbai,Maharashtra,2,2,3375.0,954.59,950.0,0.3
Vav,Gujarat,3,3,10823.33,11183.99,1450.0,0.08
Vayalapadu,Andhra Pradesh,1,1,5800.0,,400.0,0.07
Vedasanthur(Uzhavar Sandhai ),Tamil Nadu,27,27,4718.52,2762.95,914.81,0.18
Velayuthampalayam(Uzhavar Sandhai ),Tamil Nadu,30,30,5466.67,3583.81,550.0,0.11
Vellarada  VFPCK,Kerala,3,1,4533.33,1604.16,466.67,0.11
Vellore,Tamil Nadu,60,60,6281.67,7112.26,648.33,0.09
Vemulawada,Telangana,1,1,2200.0,,20.0,0.01
Vengeri(Kozhikode),Kerala,15,15,3920.0,2838.81,300.0,0.11
Venkatagiri,Andhra Pradesh,1,1,2400.0,,200.0,0.08
Veraval,Gujarat,2,2,6627.5,3001.67,1055.0,0.18
Vidisha,Madhya Pradesh,4,4,5167.5,2228.84,622.5,0.1
Vijapur,Gujarat,2,2,4712.5,2740.04,220.0,0.06
Vijapur(Gojjariya),Gujarat,2,2,4710.0,2736.5,75.0,0.03
Vijapur(Kukarvada),Gujarat,2,2,4712.5,2669.33,340.0,0.11
Vijapur(veg),Gujarat,4,4,1687.5,603.29,1812.5,1.05
Vijaypur,Madhya Pradesh,1,1,2180.0,,140.0,0.06
Vikasnagar,Uttrakhand,10,10,1398.0,932.88,498.0,0.31
Vilaspur,Uttar Pradesh,2,2,4050.0,2757.72,700.0,0.18
Vilthararoad,Uttar Pradesh,9,9,4794.44,4558.88,255.56,0.06
Viralimalai(Uzhavar Sandhai ),Tamil Nadu,26,26,5346.15,3411.07,596.15,0.14
Viramgam,Gujarat,5,5,10258.0,8206.59,865.0,0.1
Virudhunagar(Uzhavar Sandhai ),Tamil Nadu,16,16,3650.0,1175.3,118.75,0.04
Viruthachalam(Uzhavar Sandhai ),Tamil Nadu,33,33,5090.91,3543.16,303.03,0.04
Visavadar,Gujarat,13,12,7751.15,4258.83,1478.46,0.17
Vishalpur,Uttar Pradesh,18,18,4381.67,3522.08,92.33,0.03
Visnagar,Gujarat,6,6,4442.33,1759.29,1433.67,0.32
Visoli,Uttar Pradesh,2,2,2025.0,459.62,75.0,0.03
Viswan,Uttar Pradesh,24,24,4898.12,4422.15,61.25,0.03
Vyra,Gujarat,3,3,3633.33,2699.23,266.67,0.07
Wanaparthy town,Telangana,2,2,3039.5,1371.08,145.0,0.07
Warangal,Telangana,32,26,5313.0,4394.37,411.06,0.11
Wazirganj,Uttar Pradesh,3,3,2058.33,226.84,93.33,0.05
Wyra,Telangana,1,1,2193.0,,20.0,0.01
Yawal,Maharashtra,2,2,1875.0,332.34,245.0,0.14
Yemmiganur,Andhra Pradesh,1,1,5733.0,,830.0,0.14
Yeola,Maharashtra,1,1,3500.0,,3420.0,0.98
Yeotmal,Maharashtra,5,5,6685.0,3301.11,918.0,0.11
Zalod(Sanjeli),Gujarat,4,4,2487.5,154.78,356.25,0.14
Zalod(Zalod),Gujarat,5,5,3270.0,1520.53,290.0,0.07
Zaloosa-Chararishrief (F&V),Jammu and Kashmir,11,2,3683.71,1465.67,303.03,0.1
Zira,Punjab,14,14,3707.14,1605.5,850.0,0.23
kalanwali,Haryana,3,3,2166.67,288.68,133.33,0.07
